config,seed,interv_frac,alpha,boost,di_after_monitor,di_priv_after_monitor,efficiency_loss_rel,deviation_rel,efficiency_ok,reverse_ok,reaches_target,admissible,qualifying,selected
uniform bias=0.10 frac=1.00,62,1.0,0.3,1.0003855125386594,0.7981642260063841,1.2528749941644233,-9.557122564342751e-05,0.00010231497825430435,True,True,False,True,False,True
uniform bias=0.10 frac=1.00,62,1.0,0.5,1.0006425208977656,0.7981642260063841,1.2528749941644233,-0.00015880478452710606,0.000170524963757174,True,True,False,True,False,False
uniform bias=0.10 frac=1.00,62,1.0,0.7,1.0008995292568719,0.7981642260063841,1.2528749941644233,-0.0002216538701745451,0.00023873494926004331,True,True,False,True,False,False
uniform bias=0.10 frac=1.00,62,1.0,1.0,1.0012850417955312,0.7981642260063841,1.2528749941644233,-0.000315206611327794,0.000341049927514347,True,True,False,True,False,False
uniform bias=0.10 frac=1.00,67,1.0,0.3,1.0011063547909833,0.8030534411702873,1.2452471388986306,-1.7332365147780591e-06,0.00031410352567828127,True,True,False,True,False,False
uniform bias=0.10 frac=1.00,67,1.0,0.5,1.0018439246516389,0.8072143398292009,1.2388283392135857,1.1239513244035246e-06,0.0005235058761304686,True,True,False,True,False,False
uniform bias=0.10 frac=1.00,67,1.0,0.7,1.0025814945122944,0.8072143398292009,1.2388283392135857,7.191282242484978e-06,0.0007329082265826563,True,True,False,True,False,False
uniform bias=0.10 frac=1.00,67,1.0,1.0,1.0036878493032775,0.8113752384881142,1.232475373371465,2.231129689315759e-05,0.001047011752260874,True,True,False,True,False,True
uniform bias=0.10 frac=1.00,70,1.0,0.3,1.0013996823029792,0.7976464486011606,1.2536882747409062,-0.000504825183004626,0.0003875645725032696,True,True,False,True,False,True
uniform bias=0.10 frac=1.00,70,1.0,0.5,1.0023328038382986,0.7976464486011606,1.2536882747409062,-0.0008344208549690069,0.0006459409541721158,True,True,False,True,False,False
uniform bias=0.10 frac=1.00,70,1.0,0.7,1.003265925373618,0.7976464486011606,1.2536882747409062,-0.001158452966902826,0.0009043173358409617,True,True,False,True,False,False
uniform bias=0.10 frac=1.00,70,1.0,1.0,1.0046656076765974,0.7976464486011606,1.2536882747409062,-0.0016340694597456581,0.0012918819083442923,True,True,False,True,False,False
uniform bias=0.20 frac=1.00,43,1.0,0.3,1.0074170281995662,0.7968779051750852,1.2548973857924772,-0.0002681813580819179,0.002087091194743485,True,True,False,True,False,False
uniform bias=0.20 frac=1.00,43,1.0,0.5,1.0123617136659437,0.8129764487139758,1.230047932608468,-0.00027303276141257056,0.003478485324572474,True,True,False,True,False,False
uniform bias=0.20 frac=1.00,43,1.0,0.7,1.017306399132321,0.8210257204834212,1.217988639151522,-0.00013873522976373665,0.0048698794544014025,True,True,False,True,False,False
uniform bias=0.20 frac=1.00,43,1.0,1.0,1.0247234273318873,0.8330996281375891,1.2003366298884566,0.00032361532079560267,0.006956970649144886,True,True,False,True,False,True
uniform bias=0.20 frac=1.00,44,1.0,0.3,1.0166378386004515,0.7456264108352144,1.3411542100283822,-0.0016390266968651086,0.004460026432562069,True,True,False,True,False,False
uniform bias=0.20 frac=1.00,44,1.0,0.5,1.0277297310007525,0.774622993478806,1.2909505764979081,-0.0019049399773109136,0.007433377387603431,True,True,False,True,False,False
uniform bias=0.20 frac=1.00,44,1.0,0.7,1.0388216234010534,0.7994772071733132,1.2508173979539317,-0.0015094363104523412,0.01040672834264479,True,True,False,True,False,False
uniform bias=0.20 frac=1.00,44,1.0,1.0,1.055459462001505,0.8326161587659894,1.2010336209209393,0.0003239759660321428,0.014866754775206856,True,True,False,True,False,True
uniform bias=0.20 frac=1.00,45,1.0,0.3,1.0144516129032257,0.7578405017921147,1.3195388708247118,0.0015682503906579784,0.004282000340351286,True,True,False,True,False,False
uniform bias=0.20 frac=1.00,45,1.0,0.5,1.0240860215053764,0.7692652329749103,1.2999417588817705,0.0034154425883108947,0.007136667233918878,True,True,False,True,False,False
uniform bias=0.20 frac=1.00,45,1.0,0.7,1.033720430107527,0.7959229390681003,1.2564030396847736,0.0059039883357351695,0.009991334127486401,True,True,False,True,False,False
uniform bias=0.20 frac=1.00,45,1.0,1.0,1.0481720430107526,0.8111559139784945,1.2328086164043084,0.010839344862693057,0.01427333446783769,True,True,False,True,False,True
uniform bias=0.20 frac=1.00,47,1.0,0.3,1.02777133876224,0.7329024106503131,1.3644381372858194,0.001857158651006162,0.007426903342327745,True,True,False,True,False,False
uniform bias=0.20 frac=1.00,47,1.0,0.5,1.0462855646037335,0.7776908913011656,1.2858579304264266,0.005435137104382144,0.01237817223721293,True,True,False,True,False,False
uniform bias=0.20 frac=1.00,47,1.0,0.7,1.0647997904452269,0.8306227320703549,1.2039160034874878,0.010885013706589222,0.017329441132098115,True,True,False,True,False,False
uniform bias=0.20 frac=1.00,47,1.0,1.0,1.092571129207467,0.8550528124253653,1.1695184033878452,0.022569637638957498,0.02475634447442586,True,True,True,True,True,True
uniform bias=0.20 frac=1.00,48,1.0,0.3,1.01838216415446,0.7478923654473196,1.3370907983555802,0.00035087176797820034,0.005169245186153725,True,True,False,True,False,False
uniform bias=0.20 frac=1.00,48,1.0,0.5,1.0306369402574331,0.7754462947006419,1.2895799578048746,0.0015347328799637475,0.00861540864358952,True,True,False,True,False,False
uniform bias=0.20 frac=1.00,48,1.0,0.7,1.0428917163604066,0.7990639483463468,1.2514642940273903,0.0034785512719493292,0.01206157210102538,True,True,False,True,False,False
uniform bias=0.20 frac=1.00,48,1.0,1.0,1.0612738805148665,0.818745326384434,1.2213810177286553,0.007819198759927896,0.017230817287179102,True,True,False,True,False,True
uniform bias=0.20 frac=1.00,49,1.0,0.3,1.022146244037689,0.7777203411734299,1.285809238949817,0.0011761967690533924,0.005926829831611179,True,True,False,True,False,False
uniform bias=0.20 frac=1.00,49,1.0,0.5,1.0369104067294814,0.8234685965365728,1.214375392341494,0.003716671946510644,0.009878049719351923,True,True,False,True,False,False
uniform bias=0.20 frac=1.00,49,1.0,0.7,1.051674569421274,0.8608989872882352,1.1615764622396898,0.007662222322438274,0.013829269607092671,True,True,True,True,True,True
uniform bias=0.20 frac=1.00,49,1.0,1.0,1.0738208134589629,0.8983293780398975,1.1131774429797028,0.01621506388346228,0.019756099438703847,True,True,True,True,True,False
uniform bias=0.20 frac=1.00,50,1.0,0.3,1.0149511846988295,0.7524407650585213,1.329008270733743,-0.006455011914074036,0.004198416868093656,True,True,False,True,False,False
uniform bias=0.20 frac=1.00,50,1.0,0.5,1.024918641164716,0.7642592063945189,1.308456596444046,-0.010040852955054766,0.006997361446822802,True,True,False,True,False,False
uniform bias=0.20 frac=1.00,50,1.0,0.7,1.0348860976306025,0.791835569511847,1.2628884562693778,-0.013052693807980199,0.00979630602555195,True,True,False,True,False,False
uniform bias=0.20 frac=1.00,50,1.0,1.0,1.049837282329432,0.819411932629175,1.2203874024526198,-0.016494204734764917,0.013994722893645605,True,True,False,True,False,True
uniform bias=0.20 frac=1.00,53,1.0,0.3,1.0234780940198274,0.7570195075151902,1.3209699222710376,0.0065720652799327525,0.005920396209814265,True,True,False,True,False,False
uniform bias=0.20 frac=1.00,53,1.0,0.5,1.0391301566997122,0.7871282379277261,1.2704410181404515,0.012798794917786245,0.009867327016357093,True,True,False,True,False,False
uniform bias=0.20 frac=1.00,53,1.0,0.7,1.054782219379597,0.8430444515510073,1.1861770730597072,0.02050180678329191,0.013814257822899918,True,True,False,True,False,False
uniform bias=0.20 frac=1.00,53,1.0,1.0,1.0782603133994244,0.8731531819635432,1.1452744153679932,0.03482435375839774,0.019734654032714183,True,True,True,True,True,True
uniform bias=0.20 frac=1.00,54,1.0,0.3,1.0123103448275863,0.7675456389452332,1.3028541226215646,-0.003390834443628964,0.003192334282738458,True,True,False,True,False,False
uniform bias=0.20 frac=1.00,54,1.0,0.5,1.0205172413793104,0.780628803245436,1.2810185786670132,-0.0052171214259910705,0.00532055713789741,True,True,False,True,False,False
uniform bias=0.20 frac=1.00,54,1.0,0.7,1.0287241379310346,0.7937119675456389,1.2599028878098646,-0.00669599295764077,0.0074487799930563646,True,True,False,True,False,False
uniform bias=0.20 frac=1.00,54,1.0,1.0,1.0410344827586209,0.8067951318458417,1.2394720301697046,-0.008262896285029514,0.010641114275794821,True,True,False,True,False,True
uniform bias=0.20 frac=1.00,55,1.0,0.3,1.0058953265044814,0.7761683738796414,1.2883802453861224,-0.00038102159353590824,0.0016105314979916981,True,True,False,True,False,False
uniform bias=0.20 frac=1.00,55,1.0,0.5,1.0098255441741357,0.7888924455825864,1.2675999188476363,-0.0005336922600762764,0.0026842191633194967,True,True,False,True,False,False
uniform bias=0.20 frac=1.00,55,1.0,0.7,1.01375576184379,0.7973751600512163,1.254114813327981,-0.0006052879432964448,0.0037579068286472963,True,True,False,True,False,False
uniform bias=0.20 frac=1.00,55,1.0,1.0,1.0196510883482715,0.8185819462227913,1.2216247922573076,-0.0005606658744011212,0.005368438326638995,True,True,False,True,False,True
uniform bias=0.20 frac=1.00,56,1.0,0.3,1.0067884208814442,0.787770369165718,1.2694054500412884,0.00317345592535807,0.0019457847781163822,True,True,False,True,False,False
uniform bias=0.20 frac=1.00,56,1.0,0.5,1.011314034802407,0.7958088423204701,1.256583172768144,0.0054651334656756105,0.0032429746301939908,True,True,False,True,False,False
uniform bias=0.20 frac=1.00,56,1.0,0.7,1.0158396487233696,0.8038473154752224,1.2440173410404625,0.007897643211389442,0.004540164482271537,True,True,False,True,False,False
uniform bias=0.20 frac=1.00,56,1.0,1.0,1.0226280696048138,0.8319819715168552,1.2019491217782248,0.011810468215078744,0.006485949260387919,True,True,False,True,False,True
uniform bias=0.20 frac=1.00,57,1.0,0.3,1.0174367086657836,0.7653029789593665,1.3066720338130222,0.004461621274046768,0.004862927055951932,True,True,False,True,False,False
uniform bias=0.20 frac=1.00,57,1.0,0.5,1.0290611811096393,0.7894704414528203,1.2666718695126233,0.008451528739852098,0.008104878426586531,True,True,False,True,False,False
uniform bias=0.20 frac=1.00,57,1.0,0.7,1.040685653553495,0.813637903946274,1.2290479525964069,0.01325383083214356,0.01134682979722113,True,True,False,True,False,False
uniform bias=0.20 frac=1.00,57,1.0,1.0,1.0581223622192786,0.8579449185176057,1.1655759926031652,0.02198052389524198,0.016209756853173062,True,True,True,True,True,True
uniform bias=0.20 frac=1.00,58,1.0,0.3,1.0022259555213247,0.7936442989634479,1.2600103110500085,-4.5476597583400234e-05,0.0006124275408193683,True,True,False,True,False,False
uniform bias=0.20 frac=1.00,58,1.0,0.5,1.0037099258688746,0.7978883861236803,1.2533081285444234,-5.8639837397098216e-05,0.0010207125680323425,True,True,False,True,False,True
uniform bias=0.20 frac=1.00,58,1.0,0.7,1.0051938962164244,0.7978883861236803,1.2533081285444234,-5.80794836840127e-05,0.0014289975952452546,True,True,False,True,False,False
uniform bias=0.20 frac=1.00,58,1.0,1.0,1.007419851737749,0.7978883861236803,1.2533081285444234,-3.1507215251761255e-05,0.0020414251360646226,True,True,False,True,False,False
uniform bias=0.20 frac=1.00,59,1.0,0.3,1.0134577464788732,0.764219934994583,1.3085238348396242,-0.0018468383265384599,0.0037564610445948846,True,True,False,True,False,False
uniform bias=0.20 frac=1.00,59,1.0,0.5,1.0224295774647887,0.776350410153227,1.2880781499202552,-0.002526143452875862,0.006260768407658142,True,True,False,True,False,False
uniform bias=0.20 frac=1.00,59,1.0,0.7,1.0314014084507042,0.8046548521900635,1.2427688682647688,-0.0027639122394628236,0.008765075770721399,True,True,False,True,False,False
uniform bias=0.20 frac=1.00,59,1.0,1.0,1.0448591549295774,0.8329592942268998,1.200538858178102,-0.0022926847823111344,0.012521536815316285,True,True,False,True,False,True
uniform bias=0.20 frac=1.00,60,1.0,0.3,1.0028520796719391,0.7864186682288614,1.2715873114408096,-0.00028384188121535986,0.0007588673587673309,True,True,False,True,False,True
uniform bias=0.20 frac=1.00,60,1.0,0.5,1.0047534661198985,0.7864186682288614,1.2715873114408096,-0.00044996176392274204,0.0012647789312788648,True,True,False,True,False,False
uniform bias=0.20 frac=1.00,60,1.0,0.7,1.006654852567858,0.7864186682288614,1.2715873114408096,-0.0005975952161479367,0.0017706905037904578,True,True,False,True,False,False
uniform bias=0.20 frac=1.00,60,1.0,1.0,1.009506932239797,0.7864186682288614,1.2715873114408096,-0.0007843833373315902,0.00252955786255773,True,True,False,True,False,False
uniform bias=0.20 frac=1.00,62,1.0,0.3,1.0287133917396747,0.7360152571666964,1.3586674872060636,-0.004629678987205833,0.007277396088249189,True,True,False,True,False,False
uniform bias=0.20 frac=1.00,62,1.0,0.5,1.0478556528994576,0.7574110495261934,1.3202870497143666,-0.0053277635318807505,0.012128993480415262,True,True,False,True,False,False
uniform bias=0.20 frac=1.00,62,1.0,0.7,1.0669979140592407,0.7916443173013886,1.2631935556726643,-0.004115153585786244,0.01698059087258139,True,True,False,True,False,False
uniform bias=0.20 frac=1.00,62,1.0,1.0,1.0957113057989154,0.8558316943798796,1.1684540389972145,0.001286313503548973,0.024257986960830584,True,True,True,True,True,True
uniform bias=0.20 frac=1.00,63,1.0,0.3,1.0006499032882012,0.800889748549323,1.2486113123701879,-7.29355103901318e-05,0.00018888425711538796,True,True,False,True,False,False
uniform bias=0.20 frac=1.00,63,1.0,0.5,1.001083172147002,0.8048742746615087,1.2424300682495433,-0.00012024050266293668,0.00031480709519226977,True,True,False,True,False,False
uniform bias=0.20 frac=1.00,63,1.0,0.7,1.0015164410058026,0.8088588007736944,1.2363097230857525,-0.00016649054987960638,0.0004407299332691534,True,True,False,True,False,True
uniform bias=0.20 frac=1.00,63,1.0,1.0,1.0021663442940039,0.8088588007736944,1.2363097230857525,-0.00023388759872360973,0.000629614190384542,True,True,False,True,False,False
uniform bias=0.20 frac=1.00,64,1.0,0.3,1.012074702886248,0.754102999434069,1.326078799249531,-0.005568896537143147,0.0034788768995260644,True,True,False,True,False,False
uniform bias=0.20 frac=1.00,64,1.0,0.5,1.0201245048104133,0.7695717789096396,1.2994239490133597,-0.008784743546406536,0.005798128165876755,True,True,False,True,False,False
uniform bias=0.20 frac=1.00,64,1.0,0.7,1.0281743067345785,0.7734389737785322,1.292926829268293,-0.011603190009937482,0.008117379432227442,True,True,False,True,False,False
uniform bias=0.20 frac=1.00,64,1.0,1.0,1.0402490096208263,0.7927749481229956,1.261392028554432,-0.015085733681985588,0.011596256331753443,True,True,False,True,False,True
uniform bias=0.20 frac=1.00,65,1.0,0.3,1.0153345867669414,0.7611888951116089,1.3137343521720395,0.002885224241478977,0.004035318117855838,True,True,False,True,False,False
uniform bias=0.20 frac=1.00,65,1.0,0.5,1.0255576446115688,0.7782942635410833,1.2848610697067198,0.00556326329741713,0.006725530196426338,True,True,False,True,False,False
uniform bias=0.20 frac=1.00,65,1.0,0.7,1.0357807024561965,0.7868469477558204,1.2708951885142556,0.008844947335983856,0.0094157422749969,True,True,False,True,False,False
uniform bias=0.20 frac=1.00,65,1.0,1.0,1.051115289223138,0.8381630530442435,1.1930852790133828,0.014899307736262576,0.013451060392852736,True,True,False,True,False,True
uniform bias=0.20 frac=1.00,66,1.0,0.3,1.017824395158872,0.753661432906716,1.3268557422969187,-0.0011362005455611574,0.00461002256870684,True,True,False,True,False,False
uniform bias=0.20 frac=1.00,66,1.0,0.5,1.0297073252647866,0.7793544363012631,1.283113245298119,-0.0009269773208080729,0.007683370947844754,True,True,False,True,False,False
uniform bias=0.20 frac=1.00,66,1.0,0.7,1.0415902553707013,0.8007652724633858,1.248805404514747,5.5598108046582456e-05,0.010756719326982665,True,True,False,True,False,False
uniform bias=0.20 frac=1.00,66,1.0,1.0,1.0594146505295734,0.843586944787631,1.1854142672297345,0.002979496634019199,0.015366741895689559,True,True,False,True,False,True
uniform bias=0.20 frac=1.00,67,1.0,0.3,1.0270047317530344,0.7353494715828133,1.359897625067352,0.0022856556577884714,0.007350373552012887,True,True,False,True,False,False
uniform bias=0.20 frac=1.00,67,1.0,0.5,1.0450078862550576,0.7713176522580595,1.296482709908771,0.0059882951315878424,0.0122506225866882,True,True,False,True,False,False
uniform bias=0.20 frac=1.00,67,1.0,0.7,1.0630110407570805,0.8152787619722495,1.2265743284921213,0.011434029833606018,0.017150871621363462,True,True,False,True,False,False
uniform bias=0.20 frac=1.00,67,1.0,1.0,1.090015772510115,0.8832186588032703,1.1322224570696504,0.022870935439543945,0.02450124517337635,True,True,True,True,True,True
uniform bias=0.20 frac=1.00,68,1.0,0.3,1.0040526315789473,0.7980506822612087,1.2530532486565704,0.0004202535849893724,0.001081466303919335,True,True,False,True,False,False
uniform bias=0.20 frac=1.00,68,1.0,0.5,1.0067543859649122,0.8067251461988305,1.2395795578108009,0.0007518302870588849,0.0018024438398655592,True,True,False,True,False,False
uniform bias=0.20 frac=1.00,68,1.0,0.7,1.0094561403508773,0.8110623781676414,1.2329507901219732,0.0011245331054566302,0.0025234213758118422,True,True,False,True,False,False
uniform bias=0.20 frac=1.00,68,1.0,1.0,1.0135087719298246,0.8153996101364522,1.2263925412383456,0.0017606988011678358,0.003604887679731178,True,True,False,True,False,True
uniform bias=0.20 frac=1.00,69,1.0,0.3,1.0104934125913612,0.7871208318956052,1.2704529717397044,0.0006883772682970757,0.0029235919125220216,True,True,False,True,False,False
uniform bias=0.20 frac=1.00,69,1.0,0.5,1.0174890209856018,0.8118471407509645,1.231758972600424,0.0014680830495806675,0.004872653187536664,True,True,False,True,False,False
uniform bias=0.20 frac=1.00,69,1.0,0.7,1.0244846293798424,0.8242102951786443,1.2132825880114175,0.002504418912799418,0.006821714462551304,True,True,False,True,False,False
uniform bias=0.20 frac=1.00,69,1.0,1.0,1.0349780419712036,0.8406945010822171,1.189492733344527,0.004540104111256004,0.009745306375073327,True,True,False,True,False,True
uniform bias=0.20 frac=1.00,70,1.0,0.3,1.025693762405639,0.7275370020161606,1.374500537056928,-0.0063520261787791445,0.006807995557265694,True,True,False,True,False,False
uniform bias=0.20 frac=1.00,70,1.0,0.5,1.0428229373427316,0.7691105449885126,1.3002032107295265,-0.008482869659553662,0.011346659262109452,True,True,False,True,False,False
uniform bias=0.20 frac=1.00,70,1.0,0.7,1.0599521122798243,0.7940546707719238,1.2593591308113214,-0.00893064062959879,0.015885322966953264,True,True,False,True,False,False
uniform bias=0.20 frac=1.00,70,1.0,1.0,1.0856458746854634,0.8564149852304519,1.1676582232279729,-0.006446536127049112,0.02269331852421896,True,True,True,True,True,True
uniform bias=0.20 frac=1.00,71,1.0,0.3,1.0194838798567099,0.7351887572333976,1.3601949025487257,-0.0021524333587964223,0.0053203123100709635,True,True,False,True,False,False
uniform bias=0.20 frac=1.00,71,1.0,0.5,1.0324731330945165,0.7631578947368421,1.3103448275862069,-0.002548854623424562,0.008867187183451624,True,True,False,True,False,False
uniform bias=0.20 frac=1.00,71,1.0,0.7,1.045462386332323,0.787131441168366,1.2704358480658147,-0.002114448441730405,0.01241406205683223,True,True,False,True,False,False
uniform bias=0.20 frac=1.00,71,1.0,1.0,1.0649462661890328,0.8190961697437311,1.2208578637510512,9.496229266511946e-05,0.01773437436690319,True,True,False,True,False,True
uniform bias=0.30 frac=0.10,42,0.1,0.3,1.0238956428187198,0.6900663439124978,1.4491360270235156,0.0028717445637956064,0.0006967272558617158,True,True,False,True,False,False
uniform bias=0.30 frac=0.10,42,0.1,0.5,1.0398260713645329,0.6900663439124978,1.4491360270235156,0.006488403032298374,0.0011612120931028557,True,True,False,True,False,False
uniform bias=0.30 frac=0.10,42,0.1,0.7,1.0557564999103461,0.697776582391967,1.4331234742387253,0.011466791174912786,0.001625696930344001,True,True,False,True,False,True
uniform bias=0.30 frac=0.10,42,0.1,1.0,1.079652142729066,0.697776582391967,1.4331234742387253,0.0214876165277925,0.002322424186205717,True,True,False,True,False,False
uniform bias=0.30 frac=0.25,42,0.25,0.3,1.0238956428187198,0.6939214631522325,1.4410852713178293,0.0028717445637956064,0.0016762661517906595,True,True,False,True,False,False
uniform bias=0.30 frac=0.25,42,0.25,0.5,1.0398260713645329,0.7054868208714363,1.417460922607701,0.006488403032298374,0.002793776919651089,True,True,False,True,False,False
uniform bias=0.30 frac=0.25,42,0.25,0.7,1.0557564999103461,0.7170521785906401,1.3945986496624156,0.011466791174912786,0.003911287687511534,True,True,False,True,False,False
uniform bias=0.30 frac=0.25,42,0.25,1.0,1.079652142729066,0.7247624170701095,1.3797624938149429,0.0214876165277925,0.005587553839302193,True,True,False,True,False,True
uniform bias=0.30 frac=0.50,42,0.5,0.3,1.0238956428187198,0.7131970593509055,1.402137020741672,0.0028717445637956064,0.0033810350417296845,True,True,False,True,False,False
uniform bias=0.30 frac=0.50,42,0.5,0.5,1.0398260713645329,0.7324726555495786,1.3652386780905752,0.006488403032298374,0.005635058402882788,True,True,False,True,False,False
uniform bias=0.30 frac=0.50,42,0.5,0.7,1.0557564999103461,0.7478931325085172,1.3370894269959241,0.011466791174912786,0.007889081764035922,True,True,False,True,False,False
uniform bias=0.30 frac=0.50,42,0.5,1.0,1.079652142729066,0.7710238479469248,1.2969767441860467,0.0214876165277925,0.011270116805765605,True,True,False,True,False,True
uniform bias=0.30 frac=0.75,42,0.75,0.3,1.0238956428187198,0.7170521785906401,1.3945986496624156,0.0028717445637956064,0.005011272870545322,True,True,False,True,False,False
uniform bias=0.30 frac=0.75,42,0.75,0.5,1.0398260713645329,0.7440380132687825,1.344017351488131,0.006488403032298374,0.008352121450908839,True,True,False,True,False,False
uniform bias=0.30 frac=0.75,42,0.75,0.7,1.0557564999103461,0.7825892056661288,1.277809600183297,0.011466791174912786,0.011692970031272402,True,True,False,True,False,False
uniform bias=0.30 frac=0.75,42,0.75,1.0,1.079652142729066,0.8172852788237404,1.2235629662132514,0.0214876165277925,0.016704242901817726,True,True,False,True,False,True
uniform bias=0.30 frac=1.00,42,1.0,0.3,1.0238956428187198,0.7363277747893132,1.3580908316084257,0.0028717445637956064,0.006689874028869689,True,True,False,True,False,False
uniform bias=0.30 frac=1.00,42,1.0,0.5,1.0398260713645329,0.7633136094674556,1.3100775193798448,0.006488403032298374,0.011149790048116106,True,True,False,True,False,False
uniform bias=0.30 frac=1.00,42,1.0,0.7,1.0557564999103461,0.8057199211045366,1.2411260709914318,0.011466791174912786,0.015609706067362587,True,True,False,True,False,False
uniform bias=0.30 frac=1.00,42,1.0,1.0,1.079652142729066,0.8635467097005559,1.1580149501661128,0.0214876165277925,0.022299580096232275,True,True,True,True,True,True
uniform bias=0.30 frac=0.10,43,0.1,0.3,1.0345059235775071,0.6433913639987392,1.5542639456409608,-0.001996038772064616,0.0009362087484951357,True,True,False,True,False,False
uniform bias=0.30 frac=0.10,43,0.1,0.5,1.0575098726291785,0.6433913639987392,1.5542639456409608,-8.507927380190071e-05,0.001560347914158558,True,True,False,True,False,False
uniform bias=0.30 frac=0.10,43,0.1,0.7,1.0805138216808499,0.6510966497951313,1.5358702894795293,0.004419201834838742,0.0021844870798219795,True,True,False,True,False,False
uniform bias=0.30 frac=0.10,43,0.1,1.0,1.115019745258357,0.6626545784897194,1.5090818541979096,0.016038101517258395,0.0031206958283171156,True,True,False,True,False,True
uniform bias=0.30 frac=0.25,43,0.25,0.3,1.0345059235775071,0.6626545784897194,1.5090818541979096,-0.001996038772064616,0.002284334097387019,True,True,False,True,False,False
uniform bias=0.30 frac=0.25,43,0.25,0.5,1.0575098726291785,0.6703598642861115,1.491736085758853,-8.507927380190071e-05,0.0038072234956450283,True,True,False,True,False,False
uniform bias=0.30 frac=0.25,43,0.25,0.7,1.0805138216808499,0.6896230787770917,1.450067480011399,0.004419201834838742,0.005330112893903036,True,True,False,True,False,False
uniform bias=0.30 frac=0.25,43,0.25,1.0,1.115019745258357,0.7127389361662679,1.403038264443462,0.016038101517258395,0.007614446991290055,True,True,False,True,False,True
uniform bias=0.30 frac=0.50,43,0.5,0.3,1.0345059235775071,0.6742125071843075,1.483211879554517,-0.001996038772064616,0.004568977827345829,True,True,False,True,False,False
uniform bias=0.30 frac=0.50,43,0.5,0.5,1.0575098726291785,0.6973283645734839,1.4340446349284002,-8.507927380190071e-05,0.007614963045576373,True,True,False,True,False,False
uniform bias=0.30 frac=0.50,43,0.5,0.7,1.0805138216808499,0.7281495077590522,1.3733443329208488,0.004419201834838742,0.010660948263806916,True,True,False,True,False,False
uniform bias=0.30 frac=0.50,43,0.5,1.0,1.115019745258357,0.7666759367410125,1.3043320548846256,0.016038101517258395,0.015229926091152748,True,True,False,True,False,True
uniform bias=0.30 frac=0.75,43,0.75,0.3,1.0345059235775071,0.7011810074716799,1.42616526880242,-0.001996038772064616,0.006882885819163741,True,True,False,True,False,False
uniform bias=0.30 frac=0.75,43,0.75,0.5,1.0575098726291785,0.7397074364536402,1.3518858277189607,-8.507927380190071e-05,0.01147147636527289,True,True,False,True,False,False
uniform bias=0.30 frac=0.75,43,0.75,0.7,1.0805138216808499,0.7782338654356007,1.2849607867427746,0.004419201834838742,0.016060066911382034,True,True,False,True,False,False
uniform bias=0.30 frac=0.75,43,0.75,1.0,1.115019745258357,0.8283182231121493,1.2072654833583276,0.016038101517258395,0.022942952730545776,True,True,False,True,False,True
uniform bias=0.30 frac=1.00,43,1.0,0.3,1.0345059235775071,0.716591579064464,1.3954950479679593,-0.001996038772064616,0.009257887154147944,True,True,False,True,False,False
uniform bias=0.30 frac=1.00,43,1.0,0.5,1.0575098726291785,0.7782338654356007,1.2849607867427746,-8.507927380190071e-05,0.015429811923579886,True,True,False,True,False,False
uniform bias=0.30 frac=1.00,43,1.0,0.7,1.0805138216808499,0.8167602944175612,1.2243494288775494,0.004419201834838742,0.02160173669301183,True,True,False,True,False,False
uniform bias=0.30 frac=1.00,43,1.0,1.0,1.115019745258357,0.889960509483286,1.1236453632988763,0.016038101517258395,0.030859623847159772,True,True,True,True,True,True
uniform bias=0.30 frac=0.10,44,0.1,0.3,1.038531231536049,0.6205213083460845,1.6115482039857172,-0.0025796411679847656,0.0009248389615042407,True,True,False,True,False,False
uniform bias=0.30 frac=0.10,44,0.1,0.5,1.0642187192267487,0.6205213083460845,1.6115482039857172,-0.00036467196990900576,0.001541398269173739,True,True,False,True,False,False
uniform bias=0.30 frac=0.10,44,0.1,0.7,1.089906206917448,0.6285280349053889,1.5910189275018227,0.00499808120955219,0.0021579575768432327,True,True,False,True,False,False
uniform bias=0.30 frac=0.10,44,0.1,1.0,1.1284374384534974,0.6365347614646931,1.5710061108036868,0.01894430594384224,0.003082796538347478,True,True,False,True,False,True
uniform bias=0.30 frac=0.25,44,0.25,0.3,1.038531231536049,0.6325313981850411,1.5809491874543427,-0.0025796411679847656,0.0023148644328037636,True,True,False,True,False,False
uniform bias=0.30 frac=0.25,44,0.25,0.5,1.0642187192267487,0.6325313981850411,1.5809491874543427,-0.00036467196990900576,0.003858107388006286,True,True,False,True,False,False
uniform bias=0.30 frac=0.25,44,0.25,0.7,1.089906206917448,0.6485448513036497,1.5419134050480627,0.00499808120955219,0.005401350343208794,True,True,False,True,False,False
uniform bias=0.30 frac=0.25,44,0.25,1.0,1.1284374384534974,0.6685616677019105,1.4957483330406356,0.01894430594384224,0.007716214776012569,True,True,False,True,False,True
uniform bias=0.30 frac=0.50,44,0.5,0.3,1.038531231536049,0.6485448513036497,1.5419134050480627,-0.0025796411679847656,0.004819822005419697,True,True,False,True,False,False
uniform bias=0.30 frac=0.50,44,0.5,0.5,1.0642187192267487,0.6645583044222583,1.5047588651673867,-0.00036467196990900576,0.008033036675699523,True,True,False,True,False,False
uniform bias=0.30 frac=0.50,44,0.5,0.7,1.089906206917448,0.680571757540867,1.4693527742222716,0.00499808120955219,0.01124625134597932,True,True,False,True,False,False
uniform bias=0.30 frac=0.50,44,0.5,1.0,1.1284374384534974,0.7125986637780842,1.4033144472909336,0.01894430594384224,0.016066073351399045,True,True,False,True,False,True
uniform bias=0.30 frac=0.75,44,0.75,0.3,1.038531231536049,0.6725650309815626,1.4868450691534891,-0.0025796411679847656,0.007283734680839095,True,True,False,True,False,False
uniform bias=0.30 frac=0.75,44,0.75,0.5,1.0642187192267487,0.7005885739391278,1.4273712663873495,-0.00036467196990900576,0.012139557801398535,True,True,False,True,False,False
uniform bias=0.30 frac=0.75,44,0.75,0.7,1.089906206917448,0.732615480176345,1.3649725225015636,0.00499808120955219,0.01699538092195793,True,True,False,True,False,False
uniform bias=0.30 frac=0.75,44,0.75,1.0,1.1284374384534974,0.7726491129728665,1.2942485576051097,0.01894430594384224,0.02427911560279707,True,True,False,True,False,True
uniform bias=0.30 frac=1.00,44,1.0,0.3,1.038531231536049,0.6845751208205191,1.46076006794027,-0.0025796411679847656,0.009850485780982746,True,True,False,True,False,False
uniform bias=0.30 frac=1.00,44,1.0,0.5,1.0642187192267487,0.7206053903373886,1.3877220645432564,-0.00036467196990900576,0.016417476301637965,True,True,False,True,False,False
uniform bias=0.30 frac=1.00,44,1.0,0.7,1.089906206917448,0.7806558395321709,1.2809742134245445,0.00499808120955219,0.022984466822293128,True,True,False,True,False,False
uniform bias=0.30 frac=1.00,44,1.0,1.0,1.1284374384534974,0.8527163785659098,1.1727228714450055,0.01894430594384224,0.03283495260327593,True,True,True,True,True,True
uniform bias=0.30 frac=0.10,45,0.1,0.3,1.0331953125,0.6456163194444444,1.54890756302521,0.0008622614000324961,0.0009397352654806338,True,True,False,True,False,False
uniform bias=0.30 frac=0.10,45,0.1,0.5,1.0553255208333334,0.6493055555555555,1.540106951871658,0.0050167637963863445,0.0015662254424677268,True,True,False,True,False,False
uniform bias=0.30 frac=0.10,45,0.1,0.7,1.0774557291666667,0.6566840277777778,1.5228023793787178,0.012034995363139222,0.0021927156194548147,True,True,False,True,False,False
uniform bias=0.30 frac=0.10,45,0.1,1.0,1.1106510416666666,0.660373263888889,1.5142951035162666,0.027931834907766892,0.0031324508849354476,True,True,False,True,False,True
uniform bias=0.30 frac=0.25,45,0.25,0.3,1.0331953125,0.6529947916666667,1.5314057826520437,0.0008622614000324961,0.002474950354617141,True,True,False,True,False,False
uniform bias=0.30 frac=0.25,45,0.25,0.5,1.0553255208333334,0.6566840277777778,1.5228023793787178,0.0050167637963863445,0.004124917257695248,True,True,False,True,False,False
uniform bias=0.30 frac=0.25,45,0.25,0.7,1.0774557291666667,0.6714409722222222,1.4893341952165482,0.012034995363139222,0.005774884160773335,True,True,False,True,False,False
uniform bias=0.30 frac=0.25,45,0.25,1.0,1.1106510416666666,0.6825086805555556,1.4651828298887122,0.027931834907766892,0.008249834515390476,True,True,False,True,False,True
uniform bias=0.30 frac=0.50,45,0.5,0.3,1.0331953125,0.6714409722222222,1.4893341952165482,0.0008622614000324961,0.0047966630677742424,True,True,False,True,False,False
uniform bias=0.30 frac=0.50,45,0.5,0.5,1.0553255208333334,0.6751302083333333,1.4811957569913212,0.0050167637963863445,0.007994438446290424,True,True,False,True,False,False
uniform bias=0.30 frac=0.50,45,0.5,0.7,1.0774557291666667,0.7046440972222222,1.4191561441330458,0.012034995363139222,0.011192213824806575,True,True,False,True,False,False
uniform bias=0.30 frac=0.50,45,0.5,1.0,1.1106510416666666,0.7341579861111112,1.3621046408513153,0.027931834907766892,0.015988876892580817,True,True,False,True,False,True
uniform bias=0.30 frac=0.75,45,0.75,0.3,1.0331953125,0.6898871527777778,1.449512425290972,0.0008622614000324961,0.00710820655911756,True,True,False,True,False,False
uniform bias=0.30 frac=0.75,45,0.75,0.5,1.0553255208333334,0.6935763888888888,1.4418022528160201,0.0050167637963863445,0.01184701093186263,True,True,False,True,False,False
uniform bias=0.30 frac=0.75,45,0.75,0.7,1.0774557291666667,0.73046875,1.3689839572192513,0.012034995363139222,0.016585815304607652,True,True,False,True,False,False
uniform bias=0.30 frac=0.75,45,0.75,1.0,1.1106510416666666,0.796875,1.2549019607843137,0.027931834907766892,0.023694021863725215,True,True,False,True,False,True
uniform bias=0.30 frac=1.00,45,1.0,0.3,1.0331953125,0.7083333333333334,1.4117647058823528,0.0008622614000324961,0.00943483185378693,True,True,False,True,False,False
uniform bias=0.30 frac=1.00,45,1.0,0.5,1.0553255208333334,0.7194010416666666,1.3900452488687784,0.0050167637963863445,0.01572471975631159,True,True,False,True,False,False
uniform bias=0.30 frac=1.00,45,1.0,0.7,1.0774557291666667,0.7562934027777778,1.3222381635581062,0.012034995363139222,0.02201460765883619,True,True,False,True,False,False
uniform bias=0.30 frac=1.00,45,1.0,1.0,1.1106510416666666,0.8485243055555556,1.1785166240409206,0.027931834907766892,0.03144943951262311,True,True,False,True,False,True
uniform bias=0.30 frac=0.10,46,0.1,0.3,1.0228245381215597,0.6913117232306681,1.4465254477773881,0.0026240525343564206,0.0006458739863455982,True,True,False,True,False,False
uniform bias=0.30 frac=0.10,46,0.1,0.5,1.0380408968692663,0.6953544818460521,1.438115416104264,0.005814028958725453,0.001076456643909332,True,True,False,True,False,False
uniform bias=0.30 frac=0.10,46,0.1,0.7,1.0532572556169726,0.6993972404614361,1.4298026102308288,0.010156491837599972,0.0015070393014730602,True,True,False,True,False,False
uniform bias=0.30 frac=0.10,46,0.1,1.0,1.0760817937385323,0.7115255163075882,1.405430974829167,0.01883109825810888,0.002152913287818658,True,True,False,True,False,True
uniform bias=0.30 frac=0.25,46,0.25,0.3,1.0228245381215597,0.6953544818460521,1.438115416104264,0.0026240525343564206,0.0015786325310366142,True,True,False,True,False,False
uniform bias=0.30 frac=0.25,46,0.25,0.5,1.0380408968692663,0.6993972404614361,1.4298026102308288,0.005814028958725453,0.002631054218394362,True,True,False,True,False,False
uniform bias=0.30 frac=0.25,46,0.25,0.7,1.0532572556169726,0.7034399990768201,1.421585353850192,0.010156491837599972,0.0036834759057520947,True,True,False,True,False,False
uniform bias=0.30 frac=0.25,46,0.25,1.0,1.0760817937385323,0.7317393093845083,1.3666069147510134,0.01883109825810888,0.00526210843678871,True,True,False,True,False,True
uniform bias=0.30 frac=0.50,46,0.5,0.3,1.0228245381215597,0.7074827576922041,1.413462008971048,0.0026240525343564206,0.003068733675214364,True,True,False,True,False,False
uniform bias=0.30 frac=0.50,46,0.5,0.5,1.0380408968692663,0.7276965507691242,1.374199175388519,0.005814028958725453,0.0051145561253572855,True,True,False,True,False,False
uniform bias=0.30 frac=0.50,46,0.5,0.7,1.0532572556169726,0.7317393093845083,1.3666069147510134,0.010156491837599972,0.007160378575500174,True,True,False,True,False,False
uniform bias=0.30 frac=0.50,46,0.5,1.0,1.0760817937385323,0.7883379299998846,1.2684915465124789,0.01883109825810888,0.01022911225071454,True,True,False,True,False,True
uniform bias=0.30 frac=0.75,46,0.75,0.3,1.0228245381215597,0.7196110335383562,1.3896396155614237,0.0026240525343564206,0.00460591779286803,True,True,False,True,False,False
uniform bias=0.30 frac=0.75,46,0.75,0.5,1.0380408968692663,0.7600386196921964,1.3157226147336882,0.005814028958725453,0.007676529654780066,True,True,False,True,False,False
uniform bias=0.30 frac=0.75,46,0.75,0.7,1.0532572556169726,0.7681241369229644,1.3018729029996496,0.010156491837599972,0.010747141516692059,True,True,False,True,False,False
uniform bias=0.30 frac=0.75,46,0.75,1.0,1.0760817937385323,0.8328082747691089,1.200756561019094,0.01883109825810888,0.01535305930956009,True,True,False,True,False,True
uniform bias=0.30 frac=1.00,46,1.0,0.3,1.0228245381215597,0.7276965507691242,1.374199175388519,0.0026240525343564206,0.006104689704053679,True,True,False,True,False,False
uniform bias=0.30 frac=1.00,46,1.0,0.5,1.0380408968692663,0.7802524127691166,1.2816365366317792,0.005814028958725453,0.010174482840089484,True,True,False,True,False,False
uniform bias=0.30 frac=1.00,46,1.0,0.7,1.0532572556169726,0.8004662058460367,1.2492719776259262,0.010156491837599972,0.014244275976125232,True,True,False,True,False,False
uniform bias=0.30 frac=1.00,46,1.0,1.0,1.0760817937385323,0.8813213781537171,1.1346598695868504,0.01883109825810888,0.020348965680178913,True,True,True,True,True,True
uniform bias=0.30 frac=0.10,47,0.1,0.3,1.0479110124433335,0.5876275581590582,1.7017581733791345,0.0028781152996401912,0.0011586464682806223,True,True,False,True,False,False
uniform bias=0.30 frac=0.10,47,0.1,0.5,1.0798516874055557,0.5876275581590582,1.7017581733791345,0.010854549596557406,0.0019310774471343669,True,True,False,True,False,False
uniform bias=0.30 frac=0.10,47,0.1,0.7,1.111792362367778,0.5915713672742197,1.6904131188899403,0.023677136504533763,0.002703508425988112,True,True,False,True,False,False
uniform bias=0.30 frac=0.10,47,0.1,1.0,1.1597033748111114,0.6034027946197041,1.6572677636175883,0.051997553012234084,0.0038621548942687337,True,True,False,True,False,True
uniform bias=0.30 frac=0.25,47,0.25,0.3,1.0479110124433335,0.611290412850027,1.6358836634418774,0.0028781152996401912,0.0029892415443854275,True,True,False,True,False,False
uniform bias=0.30 frac=0.25,47,0.25,0.5,1.0798516874055557,0.6152342219651884,1.6253972297018657,0.010854549596557406,0.004982069240642369,True,True,False,True,False,False
uniform bias=0.30 frac=0.25,47,0.25,0.7,1.111792362367778,0.6270656493106729,1.5947293574433399,0.023677136504533763,0.006974896936899314,True,True,False,True,False,False
uniform bias=0.30 frac=0.25,47,0.25,1.0,1.1597033748111114,0.6665037404622874,1.500366673570953,0.051997553012234084,0.009964138481284739,True,True,False,True,False,True
uniform bias=0.30 frac=0.50,47,0.5,0.3,1.0479110124433335,0.6428408857713187,1.5555948946839941,0.0028781152996401912,0.006051568679400678,True,True,False,True,False,False
uniform bias=0.30 frac=0.50,47,0.5,0.5,1.0798516874055557,0.670447549577449,1.4915409872558296,0.010854549596557406,0.010085947799001111,True,True,False,True,False,False
uniform bias=0.30 frac=0.50,47,0.5,0.7,1.111792362367778,0.7059418316139021,1.4165473063323522,0.023677136504533763,0.014120326918601546,True,True,False,True,False,False
uniform bias=0.30 frac=0.50,47,0.5,1.0,1.1597033748111114,0.7532675409958398,1.3275495698088535,0.051997553012234084,0.020171895598002223,True,True,False,True,False,True
uniform bias=0.30 frac=0.75,47,0.75,0.3,1.0479110124433335,0.6546723131168031,1.527481733936693,0.0028781152996401912,0.009169767359149062,True,True,False,True,False,False
uniform bias=0.30 frac=0.75,47,0.75,0.5,1.0798516874055557,0.7019980224987407,1.4245054372668036,0.010854549596557406,0.015282945598581739,True,True,False,True,False,False
uniform bias=0.30 frac=0.75,47,0.75,0.7,1.111792362367778,0.7453799227655168,1.3415977134047146,0.023677136504533763,0.021396123838014414,True,True,False,True,False,False
uniform bias=0.30 frac=0.75,47,0.75,1.0,1.1597033748111114,0.8203122959535847,1.219047922276399,0.051997553012234084,0.03056589119716348,True,True,False,True,False,True
uniform bias=0.30 frac=1.00,47,1.0,0.3,1.0479110124433335,0.6665037404622874,1.500366673570953,0.0028781152996401912,0.01225448306503745,True,True,False,True,False,False
uniform bias=0.30 frac=1.00,47,1.0,0.5,1.0798516874055557,0.729604686304871,1.370605231532384,0.010854549596557406,0.02042413844172904,True,True,False,True,False,False
uniform bias=0.30 frac=1.00,47,1.0,0.7,1.111792362367778,0.7887618230322929,1.267809839167455,0.023677136504533763,0.028593793818420636,True,True,False,True,False,False
uniform bias=0.30 frac=1.00,47,1.0,1.0,1.1597033748111114,0.8794694326810065,1.1370491831098253,0.051997553012234084,0.04084827688345808,True,True,True,True,True,True
uniform bias=0.30 frac=0.10,48,0.1,0.3,1.0394335532274566,0.6160237911018053,1.6233139278783766,0.00908886309794491,0.0010248143506158556,True,True,False,True,False,False
uniform bias=0.30 frac=0.10,48,0.1,0.5,1.0657225887124278,0.6236290230907164,1.6035174165627866,0.019401581781883247,0.0017080239176930976,True,True,False,True,False,False
uniform bias=0.30 frac=0.10,48,0.1,0.7,1.0920116241973987,0.6388394870685389,1.5653384304541487,0.033117081760734406,0.0023912334847703324,True,True,False,True,False,False
uniform bias=0.30 frac=0.10,48,0.1,1.0,1.1314451774248553,0.6426421030629944,1.556076072877497,0.06007054665697329,0.003416047835386189,True,True,False,True,False,True
uniform bias=0.30 frac=0.25,48,0.25,0.3,1.0394335532274566,0.6274316390851721,1.5937991291896787,0.00908886309794491,0.0026144619222867194,True,True,False,True,False,False
uniform bias=0.30 frac=0.25,48,0.25,0.5,1.0657225887124278,0.6426421030629944,1.556076072877497,0.019401581781883247,0.004357436537144543,True,True,False,True,False,False
uniform bias=0.30 frac=0.25,48,0.25,0.7,1.0920116241973987,0.6692604150241835,1.4941866836153237,0.033117081760734406,0.00610041115200235,True,True,False,True,False,False
uniform bias=0.30 frac=0.25,48,0.25,1.0,1.1314451774248553,0.6844708790020059,1.4609825350905388,0.06007054665697329,0.00871487307428907,True,True,False,True,False,True
uniform bias=0.30 frac=0.50,48,0.5,0.3,1.0394335532274566,0.6388394870685389,1.5653384304541487,0.00908886309794491,0.005243781255249822,True,True,False,True,False,False
uniform bias=0.30 frac=0.50,48,0.5,0.5,1.0657225887124278,0.6578525670408167,1.520097435354318,0.019401581781883247,0.00873963542541639,True,True,False,True,False,False
uniform bias=0.30 frac=0.50,48,0.5,0.7,1.0920116241973987,0.7034839589742838,1.4214965206286323,0.033117081760734406,0.01223548959558293,True,True,False,True,False,False
uniform bias=0.30 frac=0.50,48,0.5,1.0,1.1314451774248553,0.7377075029243841,1.3555508057541081,0.06007054665697329,0.017479270850832753,True,True,False,True,False,True
uniform bias=0.30 frac=0.75,48,0.75,0.3,1.0394335532274566,0.6654577990297279,1.502724893235983,0.00908886309794491,0.00800449044841249,True,True,False,True,False,False
uniform bias=0.30 frac=0.75,48,0.75,0.5,1.0657225887124278,0.6996813429798282,1.4292220451972664,0.019401581781883247,0.013340817414020847,True,True,False,True,False,False
uniform bias=0.30 frac=0.75,48,0.75,0.7,1.0920116241973987,0.7529179669022065,1.3281659409913988,0.033117081760734406,0.01867714437962916,True,True,False,True,False,False
uniform bias=0.30 frac=0.75,48,0.75,1.0,1.1314451774248553,0.7985493588356736,1.252270744363319,0.06007054665697329,0.026681634828041652,True,True,False,True,False,True
uniform bias=0.30 frac=1.00,48,1.0,0.3,1.0394335532274566,0.6882734949964615,1.4529108083773312,0.00908886309794491,0.0107164301914098,True,True,False,True,False,False
uniform bias=0.30 frac=1.00,48,1.0,0.5,1.0657225887124278,0.7377075029243841,1.3555508057541081,0.019401581781883247,0.01786071698568304,True,True,False,True,False,False
uniform bias=0.30 frac=1.00,48,1.0,0.7,1.0920116241973987,0.8061545908245846,1.2404568694164952,0.033117081760734406,0.025005003779956222,True,True,False,True,False,False
uniform bias=0.30 frac=1.00,48,1.0,1.0,1.1314451774248553,0.8707990627303297,1.1483705515995501,0.06007054665697329,0.035721433971366026,True,True,True,True,True,True
uniform bias=0.30 frac=0.10,49,0.1,0.3,1.0428200063714559,0.6122058890456469,1.6334374070770148,0.0037606991563924248,0.0010494121936022456,True,True,False,True,False,False
uniform bias=0.30 frac=0.10,49,0.1,0.5,1.0713666772857597,0.6122058890456469,1.6334374070770148,0.012131104646586968,0.0017490203226704075,True,True,False,True,False,False
uniform bias=0.30 frac=0.10,49,0.1,0.7,1.0999133482000638,0.6202612296909843,1.6122239342578328,0.025192128312194726,0.002448628451738575,True,True,False,True,False,False
uniform bias=0.30 frac=0.10,49,0.1,1.0,1.1427333545715197,0.6242889000136531,1.6018224895206852,0.05357857288950529,0.00349804064534082,True,True,False,True,False,True
uniform bias=0.30 frac=0.25,49,0.25,0.3,1.0428200063714559,0.6242889000136531,1.6018224895206852,0.0037606991563924248,0.00285941983615285,True,True,False,True,False,False
uniform bias=0.30 frac=0.25,49,0.25,0.5,1.0713666772857597,0.6403995813043281,1.561525068400668,0.012131104646586968,0.004765699726921412,True,True,False,True,False,False
uniform bias=0.30 frac=0.25,49,0.25,0.7,1.0999133482000638,0.6605379329176716,1.513917596803087,0.025192128312194726,0.006671979617689988,True,True,False,True,False,False
uniform bias=0.30 frac=0.25,49,0.25,1.0,1.1427333545715197,0.6685932735630091,1.4956776257572664,0.05357857288950529,0.00953139945384284,True,True,False,True,False,True
uniform bias=0.30 frac=0.50,49,0.5,0.3,1.0428200063714559,0.6444272516269967,1.5517655367231642,0.0037606991563924248,0.005573461311340826,True,True,False,True,False,False
uniform bias=0.30 frac=0.50,49,0.5,0.5,1.0713666772857597,0.684703954853684,1.4604852110335662,0.012131104646586968,0.009289102185568034,True,True,False,True,False,False
uniform bias=0.30 frac=0.50,49,0.5,0.7,1.0999133482000638,0.7249806580803713,1.3793471437539235,0.025192128312194726,0.01300474305979527,True,True,False,True,False,False
uniform bias=0.30 frac=0.50,49,0.5,1.0,1.1427333545715197,0.745119009693715,1.3420674912200337,0.05357857288950529,0.018578204371136095,True,True,False,True,False,True
uniform bias=0.30 frac=0.75,49,0.75,0.3,1.0428200063714559,0.6645656032403404,1.5047423386406438,0.0037606991563924248,0.008288932931450894,True,True,False,True,False,False
uniform bias=0.30 frac=0.75,49,0.75,0.5,1.0713666772857597,0.7169253174350338,1.3948454262680126,0.012131104646586968,0.01381488821908481,True,True,False,True,False,False
uniform bias=0.30 frac=0.75,49,0.75,0.7,1.0999133482000638,0.7692850316297274,1.2999083030141687,0.025192128312194726,0.019340843506718764,True,True,False,True,False,False
uniform bias=0.30 frac=0.75,49,0.75,1.0,1.1427333545715197,0.8417830974377645,1.1879544778741924,0.05357857288950529,0.02762977643816966,True,True,False,True,False,True
uniform bias=0.30 frac=1.00,49,1.0,0.3,1.0428200063714559,0.6806762845310154,1.4691271353592084,0.0037606991563924248,0.010959212531311215,True,True,False,True,False,False
uniform bias=0.30 frac=1.00,49,1.0,0.5,1.0713666772857597,0.7572020206617212,1.3206515206154588,0.012131104646586968,0.018265354218852007,True,True,False,True,False,False
uniform bias=0.30 frac=1.00,49,1.0,0.7,1.0999133482000638,0.8256724161470895,1.2111340774424695,0.025192128312194726,0.025571495906392856,True,True,False,True,False,False
uniform bias=0.30 frac=1.00,49,1.0,1.0,1.1427333545715197,0.910253492923133,1.0985950702464877,0.05357857288950529,0.036530708437704076,True,True,True,True,True,True
uniform bias=0.30 frac=0.10,50,0.1,0.3,1.0382055283837994,0.6180689124580975,1.6179425624611008,-0.007246627125022435,0.0009739065897696485,True,True,False,True,False,False
uniform bias=0.30 frac=0.10,50,0.1,0.5,1.063675880639666,0.6218607462768587,1.6080770590314601,-0.007978328812786884,0.0016231776496160887,True,True,False,True,False,False
uniform bias=0.30 frac=0.10,50,0.1,0.7,1.0891462328955321,0.6218607462768587,1.6080770590314601,-0.005430524050750826,0.0022724487094625176,True,True,False,True,False,False
uniform bias=0.30 frac=0.10,50,0.1,1.0,1.1273517612793318,0.6256525800956202,1.598331137461572,0.0045402576856791756,0.003246355299232171,True,True,False,True,False,True
uniform bias=0.30 frac=0.25,50,0.25,0.3,1.0382055283837994,0.6332362477331428,1.5791894471925714,-0.007246627125022435,0.0024354936443230415,True,True,False,True,False,False
uniform bias=0.30 frac=0.25,50,0.25,0.5,1.063675880639666,0.6408199153706655,1.5605008146814165,-0.007978328812786884,0.004059156073871755,True,True,False,True,False,False
uniform bias=0.30 frac=0.25,50,0.25,0.7,1.0891462328955321,0.6484035830081881,1.542249343164675,-0.005430524050750826,0.00568281850342044,True,True,False,True,False,False
uniform bias=0.30 frac=0.25,50,0.25,1.0,1.1273517612793318,0.6597790844644722,1.5156588372480426,0.0045402576856791756,0.008118312147743495,True,True,False,True,False,True
uniform bias=0.30 frac=0.50,50,0.5,0.3,1.0382055283837994,0.637028081551904,1.5697895100069017,-0.007246627125022435,0.005136371165102355,True,True,False,True,False,False
uniform bias=0.30 frac=0.50,50,0.5,0.5,1.063675880639666,0.6484035830081881,1.542249343164675,-0.007978328812786884,0.008560618608503965,True,True,False,True,False,False
uniform bias=0.30 frac=0.50,50,0.5,0.7,1.0891462328955321,0.6673627521019948,1.498435441370224,-0.005430524050750826,0.011984866051905515,True,True,False,True,False,False
uniform bias=0.30 frac=0.50,50,0.5,1.0,1.1273517612793318,0.6976974226520855,1.4332860743541274,0.0045402576856791756,0.017121237217007902,True,True,False,True,False,True
uniform bias=0.30 frac=0.75,50,0.75,0.3,1.0382055283837994,0.6559872506457108,1.5244198709893608,-0.007246627125022435,0.007705311146841894,True,True,False,True,False,False
uniform bias=0.30 frac=0.75,50,0.75,0.5,1.063675880639666,0.6825300873770401,1.4651368760064414,-0.007978328812786884,0.01284218524473655,True,True,False,True,False,False
uniform bias=0.30 frac=0.75,50,0.75,0.7,1.0891462328955321,0.7166565917458921,1.395368453339468,-0.005430524050750826,0.017979059342631113,True,True,False,True,False,False
uniform bias=0.30 frac=0.75,50,0.75,1.0,1.1273517612793318,0.7469912622959828,1.3387037445744134,0.0045402576856791756,0.025684370489473054,True,True,False,True,False,True
uniform bias=0.30 frac=1.00,50,1.0,0.3,1.0382055283837994,0.6863219211958014,1.4570421971334777,-0.007246627125022435,0.010284945984886884,True,True,False,True,False,False
uniform bias=0.30 frac=1.00,50,1.0,0.5,1.063675880639666,0.7318239270209375,1.3664488999023805,-0.007978328812786884,0.01714157664147822,True,True,False,True,False,False
uniform bias=0.30 frac=1.00,50,1.0,0.7,1.0891462328955321,0.7849096004835961,1.2740320660925577,-0.005430524050750826,0.023998207298069438,True,True,False,True,False,False
uniform bias=0.30 frac=1.00,50,1.0,1.0,1.1273517612793318,0.8304116063087321,1.204222089868308,0.0045402576856791756,0.034283153282956384,True,True,False,True,False,True
uniform bias=0.30 frac=0.10,51,0.1,0.3,1.0217845499645641,0.7086237646124252,1.411186090473469,0.0037317296650015443,0.0005333505356756063,True,True,False,True,False,False
uniform bias=0.30 frac=0.10,51,0.1,0.5,1.0363075832742736,0.7127436702206369,1.4030289454418305,0.007742401600703267,0.0008889175594593462,True,True,False,True,False,False
uniform bias=0.30 frac=0.10,51,0.1,0.7,1.0508306165839831,0.7127436702206369,1.4030289454418305,0.012971355263632014,0.0012444845832430857,True,True,False,True,False,False
uniform bias=0.30 frac=0.10,51,0.1,1.0,1.0726151665485473,0.7209834814370604,1.3869943289224955,0.02309906399657579,0.0017778351189186921,True,True,False,True,False,True
uniform bias=0.30 frac=0.25,51,0.25,0.3,1.0217845499645641,0.7168635758288486,1.394965560697912,0.0037317296650015443,0.001384244062620006,True,True,False,True,False,False
uniform bias=0.30 frac=0.25,51,0.25,0.5,1.0363075832742736,0.7251033870452721,1.379113679326345,0.007742401600703267,0.002307073437700015,True,True,False,True,False,False
uniform bias=0.30 frac=0.25,51,0.25,0.7,1.0508306165839831,0.7251033870452721,1.379113679326345,0.012971355263632014,0.003229902812780024,True,True,False,True,False,False
uniform bias=0.30 frac=0.25,51,0.25,1.0,1.0726151665485473,0.745702915086331,1.3410166163615287,0.02309906399657579,0.00461414687540003,True,True,False,True,False,True
uniform bias=0.30 frac=0.50,51,0.5,0.3,1.0217845499645641,0.7374631038699075,1.356000042242663,0.0037317296650015443,0.0028471684354093732,True,True,False,True,False,False
uniform bias=0.30 frac=0.50,51,0.5,0.5,1.0363075832742736,0.7539427263027546,1.326360697057031,0.007742401600703267,0.004745280725682299,True,True,False,True,False,False
uniform bias=0.30 frac=0.50,51,0.5,0.7,1.0508306165839831,0.7745422543438135,1.2910851466033866,0.012971355263632014,0.006643393015955223,True,True,False,True,False,False
uniform bias=0.30 frac=0.50,51,0.5,1.0,1.0726151665485473,0.8033815936012959,1.24473850031506,0.02309906399657579,0.009490561451364598,True,True,False,True,False,True
uniform bias=0.30 frac=0.75,51,0.75,0.3,1.0217845499645641,0.7498228206945428,1.3336483931947072,0.0037317296650015443,0.00428706963522102,True,True,False,True,False,False
uniform bias=0.30 frac=0.75,51,0.75,0.5,1.0363075832742736,0.7745422543438135,1.2910851466033866,0.007742401600703267,0.007145116058701714,True,True,False,True,False,False
uniform bias=0.30 frac=0.75,51,0.75,0.7,1.0508306165839831,0.8157413104259312,1.2258788260678621,0.012971355263632014,0.010003162482182408,True,True,False,True,False,False
uniform bias=0.30 frac=0.75,51,0.75,1.0,1.0726151665485473,0.8528204608998372,1.1725797466736072,0.02309906399657579,0.014290232117403427,True,True,True,True,True,True
uniform bias=0.30 frac=1.00,51,1.0,0.3,1.0217845499645641,0.7663024431273899,1.3049677825883692,0.0037317296650015443,0.0058431490306034405,True,True,False,True,False,False
uniform bias=0.30 frac=1.00,51,1.0,0.5,1.0363075832742736,0.8033815936012959,1.24473850031506,0.007742401600703267,0.009738581717672421,True,True,False,True,False,False
uniform bias=0.30 frac=1.00,51,1.0,0.7,1.0508306165839831,0.8487005552916255,1.1782718813661974,0.012971355263632014,0.013634014404741402,True,True,False,True,False,False
uniform bias=0.30 frac=1.00,51,1.0,1.0,1.0726151665485473,0.8940195169819549,1.1185438136471737,0.02309906399657579,0.019477163435344842,True,True,True,True,True,True
uniform bias=0.30 frac=0.10,52,0.1,0.3,1.0209843798737912,0.7086642512656861,1.4111054680887083,-0.005410506504595442,0.0005176645742254207,True,True,False,True,False,False
uniform bias=0.30 frac=0.10,52,0.1,0.5,1.034973966456319,0.7086642512656861,1.4111054680887083,-0.007674973716985507,0.0008627742903757067,True,True,False,True,False,False
uniform bias=0.30 frac=0.10,52,0.1,0.7,1.0489635530388464,0.7129591861218418,1.4026048327387761,-0.008865411230170109,0.0012078840065259872,True,True,False,True,False,True
uniform bias=0.30 frac=0.10,52,0.1,1.0,1.0699479329126378,0.7129591861218418,1.4026048327387761,-0.008637261813936748,0.0017255485807514132,True,True,False,True,False,False
uniform bias=0.30 frac=0.25,52,0.25,0.3,1.0209843798737912,0.7172541209779975,1.3942060014050113,-0.005410506504595442,0.001340729964406347,True,True,False,True,False,False
uniform bias=0.30 frac=0.25,52,0.25,0.5,1.034973966456319,0.7258439906903088,1.377706522098443,-0.007674973716985507,0.0022345499406772598,True,True,False,True,False,False
uniform bias=0.30 frac=0.25,52,0.25,0.7,1.0489635530388464,0.7301389255464644,1.3696023660860994,-0.008865411230170109,0.003128369916948157,True,True,False,True,False,False
uniform bias=0.30 frac=0.25,52,0.25,1.0,1.0699479329126378,0.7344338604026202,1.3615929955241923,-0.008637261813936748,0.0044690998813545196,True,True,False,True,False,True
uniform bias=0.30 frac=0.50,52,0.5,0.3,1.0209843798737912,0.7430237301149314,1.3458520360383637,-0.005410506504595442,0.0026473287172326097,True,True,False,True,False,False
uniform bias=0.30 frac=0.50,52,0.5,0.5,1.034973966456319,0.7602034695395542,1.3154373007606603,-0.007674973716985507,0.004412214528721045,True,True,False,True,False,False
uniform bias=0.30 frac=0.50,52,0.5,0.7,1.0489635530388464,0.7687933392518655,1.300739677288474,-0.008865411230170109,0.006177100340209449,True,True,False,True,False,False
uniform bias=0.30 frac=0.50,52,0.5,1.0,1.0699479329126378,0.7773832089641769,1.2863668631747893,-0.008637261813936748,0.008824429057442086,True,True,False,True,False,True
uniform bias=0.30 frac=0.75,52,0.75,0.3,1.0209843798737912,0.7559085346833986,1.322911376333164,-0.005410506504595442,0.0039734326994259606,True,True,False,True,False,False
uniform bias=0.30 frac=0.75,52,0.75,0.5,1.034973966456319,0.7773832089641769,1.2863668631747893,-0.007674973716985507,0.006622387832376644,True,True,False,True,False,False
uniform bias=0.30 frac=0.75,52,0.75,0.7,1.0489635530388464,0.7988578832449552,1.2517871087883703,-0.008865411230170109,0.009271342965327282,True,True,False,True,False,False
uniform bias=0.30 frac=0.75,52,0.75,1.0,1.0699479329126378,0.8117426878134223,1.2319174721409358,-0.008637261813936748,0.013244775664753284,True,True,False,True,False,True
uniform bias=0.30 frac=1.00,52,1.0,0.3,1.0209843798737912,0.7644984043957098,1.3080472035653758,-0.005410506504595442,0.0053184708827791576,True,True,False,True,False,False
uniform bias=0.30 frac=1.00,52,1.0,0.5,1.034973966456319,0.7859730786764881,1.272308208932442,-0.007674973716985507,0.008864118137965319,True,True,False,True,False,False
uniform bias=0.30 frac=1.00,52,1.0,0.7,1.0489635530388464,0.8117426878134223,1.2319174721409358,-0.008865411230170109,0.012409765393151423,True,True,False,True,False,False
uniform bias=0.30 frac=1.00,52,1.0,1.0,1.0699479329126378,0.8375122969503563,1.194012319151984,-0.008637261813936748,0.017728236275930637,True,True,False,True,False,True
uniform bias=0.30 frac=0.10,53,0.1,0.3,1.0456894525208784,0.5949118465821219,1.680921309174097,0.012296282602494005,0.0010594927570529928,True,True,False,True,False,False
uniform bias=0.30 frac=0.10,53,0.1,0.5,1.0761490875347974,0.5949118465821219,1.680921309174097,0.026559748986760934,0.0017658212617549887,True,True,False,True,False,False
uniform bias=0.30 frac=0.10,53,0.1,0.7,1.1066087225487165,0.6073925146922363,1.6463818302184652,0.045675971090444786,0.0024721497664569854,True,True,False,True,False,False
uniform bias=0.30 frac=0.10,53,0.1,1.0,1.1522981750695949,0.6157129600989792,1.6241334271074048,0.0834492212198768,0.0035316425235099773,True,True,False,True,False,True
uniform bias=0.30 frac=0.25,53,0.25,0.3,1.0456894525208784,0.6032322919888649,1.6577361876682475,0.012296282602494005,0.002742352923860325,True,True,False,True,False,False
uniform bias=0.30 frac=0.25,53,0.25,0.5,1.0761490875347974,0.6073925146922363,1.6463818302184652,0.026559748986760934,0.004570588206433879,True,True,False,True,False,False
uniform bias=0.30 frac=0.25,53,0.25,0.7,1.1066087225487165,0.6240334055057222,1.602478314745973,0.045675971090444786,0.006398823489007433,True,True,False,True,False,False
uniform bias=0.30 frac=0.25,53,0.25,1.0,1.1522981750695949,0.6531549644293226,1.5310302370184452,0.0834492212198768,0.009141176412867758,True,True,False,True,False,True
uniform bias=0.30 frac=0.50,53,0.5,0.3,1.0456894525208784,0.6323538509124652,1.581393073762473,0.012296282602494005,0.0055386588004715425,True,True,False,True,False,False
uniform bias=0.30 frac=0.50,53,0.5,0.5,1.0761490875347974,0.6573151871326941,1.5213401722271893,0.026559748986760934,0.00923109800078591,True,True,False,True,False,False
uniform bias=0.30 frac=0.50,53,0.5,0.7,1.1066087225487165,0.7113980822765233,1.4056827322333094,0.045675971090444786,0.012923537201100281,True,True,False,True,False,False
uniform bias=0.30 frac=0.50,53,0.5,1.0,1.1522981750695949,0.7530003093102382,1.328020702828154,0.0834492212198768,0.01846219600157182,True,True,False,True,False,True
uniform bias=0.30 frac=0.75,53,0.75,0.3,1.0456894525208784,0.6448345190225797,1.5507854658831992,0.012296282602494005,0.008316903853202568,True,True,False,True,False,False
uniform bias=0.30 frac=0.75,53,0.75,0.5,1.0761490875347974,0.682276523352923,1.4656813854383897,0.026559748986760934,0.013861506422004292,True,True,False,True,False,False
uniform bias=0.30 frac=0.75,53,0.75,0.7,1.1066087225487165,0.7530003093102382,1.328020702828154,0.045675971090444786,0.019406108990806015,True,True,False,True,False,False
uniform bias=0.30 frac=0.75,53,0.75,1.0,1.1522981750695949,0.8237240952675534,1.2139987232924034,0.0834492212198768,0.027723012844008584,True,True,False,True,False,True
uniform bias=0.30 frac=1.00,53,1.0,0.3,1.0456894525208784,0.6489947417259511,1.5408445334095893,0.012296282602494005,0.011000621708382452,True,True,False,True,False,False
uniform bias=0.30 frac=1.00,53,1.0,0.5,1.0761490875347974,0.7197185276832663,1.389432064808647,0.026559748986760934,0.018334369513970775,True,True,False,True,False,False
uniform bias=0.30 frac=1.00,53,1.0,0.7,1.1066087225487165,0.8029229817506959,1.2454494674191499,0.045675971090444786,0.02566811731955909,True,True,False,True,False,False
uniform bias=0.30 frac=1.00,53,1.0,1.0,1.1522981750695949,0.9027683266316116,1.1077039042022852,0.0834492212198768,0.03666873902794155,True,True,True,True,True,True
uniform bias=0.30 frac=0.10,54,0.1,0.3,1.032985244934094,0.6429274050757426,1.5553855569155448,-0.007074286070111187,0.0007968320774368504,True,True,False,True,False,False
uniform bias=0.30 frac=0.10,54,0.1,0.5,1.0549754082234901,0.6429274050757426,1.5553855569155448,-0.009044419834454368,0.0013280534623947564,True,True,False,True,False,False
uniform bias=0.30 frac=0.10,54,0.1,0.7,1.076965571512886,0.655616761754869,1.5252813203300828,-0.008817708039546119,0.0018592748473526563,True,True,False,True,False,False
uniform bias=0.30 frac=0.10,54,0.1,1.0,1.1099508164469802,0.6598465473145779,1.5155038759689925,-0.004358554923587092,0.002656106924789512,True,True,False,True,False,True
uniform bias=0.30 frac=0.25,54,0.25,0.3,1.032985244934094,0.6598465473145779,1.5155038759689925,-0.007074286070111187,0.00204896723682447,True,True,False,True,False,False
uniform bias=0.30 frac=0.25,54,0.25,0.5,1.0549754082234901,0.6640763328742867,1.5058509850392539,-0.009044419834454368,0.0034149453947074637,True,True,False,True,False,False
uniform bias=0.30 frac=0.25,54,0.25,0.7,1.076965571512886,0.6894550462325398,1.4504208874304465,-0.008817708039546119,0.004780923552590443,True,True,False,True,False,False
uniform bias=0.30 frac=0.25,54,0.25,1.0,1.1099508164469802,0.6979146173519575,1.4328400281888654,-0.004358554923587092,0.006829890789414927,True,True,False,True,False,True
uniform bias=0.30 frac=0.50,54,0.5,0.3,1.032985244934094,0.6767656895534133,1.4776162790697676,-0.007074286070111187,0.0041356492190242015,True,True,False,True,False,False
uniform bias=0.30 frac=0.50,54,0.5,0.5,1.0549754082234901,0.685225260672831,1.4593741027849556,-0.009044419834454368,0.0068927486983736954,True,True,False,True,False,False
uniform bias=0.30 frac=0.50,54,0.5,0.7,1.076965571512886,0.7190635451505016,1.3906976744186048,-0.008817708039546119,0.009649848177723162,True,True,False,True,False,False
uniform bias=0.30 frac=0.50,54,0.5,1.0,1.1099508164469802,0.7486720440684634,1.3356983313625017,-0.004358554923587092,0.013785497396747391,True,True,False,True,False,True
uniform bias=0.30 frac=0.75,54,0.75,0.3,1.032985244934094,0.6936848317922486,1.4415768576290415,-0.007074286070111187,0.006245972251419935,True,True,False,True,False,False
uniform bias=0.30 frac=0.75,54,0.75,0.5,1.0549754082234901,0.7190635451505016,1.3906976744186048,-0.009044419834454368,0.010409953752366601,True,True,False,True,False,False
uniform bias=0.30 frac=0.75,54,0.75,0.7,1.076965571512886,0.76136140074759,1.31343669250646,-0.008817708039546119,0.014573935253313228,True,True,False,True,False,False
uniform bias=0.30 frac=0.75,54,0.75,1.0,1.1099508164469802,0.8036592563446783,1.2443084455324358,-0.004358554923587092,0.020819907504733202,True,True,False,True,False,True
uniform bias=0.30 frac=1.00,54,1.0,0.3,1.032985244934094,0.7021444029116662,1.424208461753993,-0.007074286070111187,0.00816196473969018,True,True,False,True,False,False
uniform bias=0.30 frac=1.00,54,1.0,0.5,1.0549754082234901,0.731752901829628,1.3665815297755077,-0.009044419834454368,0.013603274566150354,True,True,False,True,False,False
uniform bias=0.30 frac=1.00,54,1.0,0.7,1.076965571512886,0.7782805429864252,1.2848837209302326,-0.008817708039546119,0.01904458439261047,True,True,False,True,False,False
uniform bias=0.30 frac=1.00,54,1.0,1.0,1.1099508164469802,0.837497540822349,1.1940333568240546,-0.004358554923587092,0.02720654913230071,True,True,False,True,False,True
uniform bias=0.30 frac=0.10,55,0.1,0.3,1.0230826446280992,0.6900826446280991,1.4491017964071857,0.00010502804886092905,0.0006453325422903619,True,True,False,True,False,False
uniform bias=0.30 frac=0.10,55,0.1,0.5,1.0384710743801653,0.6900826446280991,1.4491017964071857,0.0015848113998150994,0.001075554237150603,True,True,False,True,False,False
uniform bias=0.30 frac=0.10,55,0.1,0.7,1.0538595041322314,0.6942148760330579,1.4404761904761905,0.004192406472139993,0.0015057759320108444,True,True,False,True,False,False
uniform bias=0.30 frac=0.10,55,0.1,1.0,1.0769421487603306,0.6983471074380164,1.4319526627218937,0.010218446058197807,0.002151108474301206,True,True,False,True,False,True
uniform bias=0.30 frac=0.25,55,0.25,0.3,1.0230826446280992,0.6942148760330579,1.4404761904761905,0.00010502804886092905,0.0014899491876487583,True,True,False,True,False,False
uniform bias=0.30 frac=0.25,55,0.25,0.5,1.0384710743801653,0.6942148760330579,1.4404761904761905,0.0015848113998150994,0.0024832486460812635,True,True,False,True,False,False
uniform bias=0.30 frac=0.25,55,0.25,0.7,1.0538595041322314,0.7024793388429751,1.4235294117647062,0.004192406472139993,0.0034765481045137686,True,True,False,True,False,False
uniform bias=0.30 frac=0.25,55,0.25,1.0,1.0769421487603306,0.7107438016528925,1.4069767441860466,0.010218446058197807,0.004966497292162526,True,True,False,True,False,True
uniform bias=0.30 frac=0.50,55,0.5,0.3,1.0230826446280992,0.6983471074380164,1.4319526627218937,0.00010502804886092905,0.0030535257865393598,True,True,False,True,False,False
uniform bias=0.30 frac=0.50,55,0.5,0.5,1.0384710743801653,0.7024793388429751,1.4235294117647062,0.0015848113998150994,0.0050892096442322655,True,True,False,True,False,False
uniform bias=0.30 frac=0.50,55,0.5,0.7,1.0538595041322314,0.7107438016528925,1.4069767441860466,0.004192406472139993,0.007124893501925173,True,True,False,True,False,False
uniform bias=0.30 frac=0.50,55,0.5,1.0,1.0769421487603306,0.7355371900826445,1.359550561797753,0.010218446058197807,0.010178419288464531,True,True,False,True,False,True
uniform bias=0.30 frac=0.75,55,0.75,0.3,1.0230826446280992,0.7066115702479338,1.4152046783625734,0.00010502804886092905,0.004558322249838782,True,True,False,True,False,False
uniform bias=0.30 frac=0.75,55,0.75,0.5,1.0384710743801653,0.7190082644628099,1.3908045977011496,0.0015848113998150994,0.007597203749731301,True,True,False,True,False,False
uniform bias=0.30 frac=0.75,55,0.75,0.7,1.0538595041322314,0.731404958677686,1.3672316384180792,0.004192406472139993,0.010636085249623823,True,True,False,True,False,False
uniform bias=0.30 frac=0.75,55,0.75,1.0,1.0769421487603306,0.768595041322314,1.3010752688172043,0.010218446058197807,0.015194407499462602,True,True,False,True,False,True
uniform bias=0.30 frac=1.00,55,1.0,0.3,1.0230826446280992,0.7190082644628099,1.3908045977011496,0.00010502804886092905,0.0060403749272765015,True,True,False,True,False,False
uniform bias=0.30 frac=1.00,55,1.0,0.5,1.0384710743801653,0.7355371900826445,1.359550561797753,0.0015848113998150994,0.010067291545460835,True,True,False,True,False,False
uniform bias=0.30 frac=1.00,55,1.0,0.7,1.0538595041322314,0.7561983471074379,1.3224043715846996,0.004192406472139993,0.01409420816364517,True,True,False,True,False,False
uniform bias=0.30 frac=1.00,55,1.0,1.0,1.0769421487603306,0.8057851239669421,1.241025641025641,0.010218446058197807,0.02013458309092167,True,True,False,True,False,True
uniform bias=0.30 frac=0.10,56,0.1,0.3,1.0307585667344703,0.6612647249480297,1.5122536591961597,0.015535363576897117,0.0008329228948060056,True,True,False,True,False,False
uniform bias=0.30 frac=0.10,56,0.1,0.5,1.051264277890784,0.6612647249480297,1.5122536591961597,0.02911888694481437,0.001388204824676678,True,True,False,True,False,False
uniform bias=0.30 frac=0.10,56,0.1,0.7,1.0717699890470975,0.6728658604734337,1.4861803202445019,0.04528370176605357,0.0019434867545473503,True,True,False,True,False,False
uniform bias=0.30 frac=0.10,56,0.1,1.0,1.1025285557815678,0.6844669959988376,1.4609908232912054,0.07437084547289138,0.002776409649353356,True,True,False,True,False,True
uniform bias=0.30 frac=0.25,56,0.25,0.3,1.0307585667344703,0.668998815298299,1.4947709579337765,0.015535363576897117,0.0020500786596875245,True,True,False,True,False,False
uniform bias=0.30 frac=0.25,56,0.25,0.5,1.051264277890784,0.680599950823703,1.4692919075144508,0.02911888694481437,0.0034167977661458794,True,True,False,True,False,False
uniform bias=0.30 frac=0.25,56,0.25,0.7,1.0717699890470975,0.6960681315242417,1.436640976236352,0.04528370176605357,0.004783516872604234,True,True,False,True,False,False
uniform bias=0.30 frac=0.25,56,0.25,1.0,1.1025285557815678,0.7192704025750498,1.390297718938405,0.07437084547289138,0.006833595532291759,True,True,False,True,False,True
uniform bias=0.30 frac=0.50,56,0.5,0.3,1.0307585667344703,0.6844669959988376,1.4609908232912054,0.015535363576897117,0.004182695467774942,True,True,False,True,False,False
uniform bias=0.30 frac=0.50,56,0.5,0.5,1.051264277890784,0.7115363122247804,1.4054096506659963,0.02911888694481437,0.006971159112958247,True,True,False,True,False,False
uniform bias=0.30 frac=0.50,56,0.5,0.7,1.0717699890470975,0.7347385832755885,1.3610282932765438,0.04528370176605357,0.00975962275814155,True,True,False,True,False,False
uniform bias=0.30 frac=0.50,56,0.5,1.0,1.1025285557815678,0.7811431253772047,1.2801751273393234,0.07437084547289138,0.013942318225916489,True,True,False,True,False,True
uniform bias=0.30 frac=0.75,56,0.75,0.3,1.0307585667344703,0.6999351766993763,1.4287037332737202,0.015535363576897117,0.0062716055605150185,True,True,False,True,False,False
uniform bias=0.30 frac=0.75,56,0.75,0.5,1.051264277890784,0.7270044929253191,1.375507317673103,0.02911888694481437,0.010452675934191715,True,True,False,True,False,False
uniform bias=0.30 frac=0.75,56,0.75,0.7,1.0717699890470975,0.7656749446766659,1.3060372511239564,0.04528370176605357,0.014633746307868407,True,True,False,True,False,False
uniform bias=0.30 frac=0.75,56,0.75,1.0,1.1025285557815678,0.8391488030042248,1.1916837590900613,0.07437084547289138,0.02090535186838343,True,True,False,True,False,True
uniform bias=0.30 frac=1.00,56,1.0,0.3,1.0307585667344703,0.7192704025750498,1.390297718938405,0.015535363576897117,0.008472959180317093,True,True,False,True,False,False
uniform bias=0.30 frac=1.00,56,1.0,0.5,1.051264277890784,0.7695419898518006,1.2994742498620269,0.02911888694481437,0.014121598633861844,True,True,False,True,False,False
uniform bias=0.30 frac=1.00,56,1.0,0.7,1.0717699890470975,0.8120794867782819,1.2314065510597303,0.04528370176605357,0.01977023808740659,True,True,False,True,False,False
uniform bias=0.30 frac=1.00,56,1.0,1.0,1.1025285557815678,0.9048885709815141,1.1051084432587324,0.07437084547289138,0.028243197267723688,True,True,True,True,True,True
uniform bias=0.30 frac=0.10,57,0.1,0.3,1.0409328527566413,0.6128391106364675,1.6317496430040903,0.012454985972892517,0.0011209282087774831,True,True,False,True,False,False
uniform bias=0.30 frac=0.10,57,0.1,0.5,1.0682214212610688,0.6128391106364675,1.6317496430040903,0.025770775413371094,0.0018682136812958057,True,True,False,True,False,False
uniform bias=0.30 frac=0.10,57,0.1,0.7,1.0955099897654963,0.6167178391847996,1.6214870666329952,0.04309653722069006,0.002615499153814128,True,True,False,True,False,False
uniform bias=0.30 frac=0.10,57,0.1,1.0,1.1364428425221376,0.6322327533781279,1.5816959729732898,0.07660387811949386,0.0037364273625916113,True,True,False,True,False,True
uniform bias=0.30 frac=0.25,57,0.25,0.3,1.0409328527566413,0.6283540248297959,1.5914595283620139,0.012454985972892517,0.0028064179167149616,True,True,False,True,False,False
uniform bias=0.30 frac=0.25,57,0.25,0.5,1.0682214212610688,0.6438689390231241,1.5531111059918448,0.025770775413371094,0.004677363194524936,True,True,False,True,False,False
uniform bias=0.30 frac=0.25,57,0.25,0.7,1.0955099897654963,0.6516263961197882,1.5346216880633705,0.04309653722069006,0.00654830847233491,True,True,False,True,False,False
uniform bias=0.30 frac=0.25,57,0.25,1.0,1.1364428425221376,0.6748987674097806,1.4817036988198062,0.07660387811949386,0.009354726389049873,True,True,False,True,False,True
uniform bias=0.30 frac=0.50,57,0.5,0.3,1.0409328527566413,0.6516263961197882,1.5346216880633705,0.012454985972892517,0.005559395062497307,True,True,False,True,False,False
uniform bias=0.30 frac=0.50,57,0.5,0.5,1.0682214212610688,0.6787774959581128,1.4732368205408357,0.025770775413371094,0.00926565843749551,True,True,False,True,False,False
uniform bias=0.30 frac=0.50,57,0.5,0.7,1.0955099897654963,0.7059285957964373,1.4165738659046496,0.04309653722069006,0.012971921812493716,True,True,False,True,False,False
uniform bias=0.30 frac=0.50,57,0.5,1.0,1.1364428425221376,0.7524733383764222,1.328950740178589,0.07660387811949386,0.01853131687499102,True,True,False,True,False,True
uniform bias=0.30 frac=1.00,57,1.0,0.3,1.0409328527566413,0.6787774959581128,1.4732368205408357,0.012454985972892517,0.010952374366425294,True,True,False,True,False,False
uniform bias=0.30 frac=1.00,57,1.0,0.5,1.0682214212610688,0.7563520669247542,1.3221356081776732,0.025770775413371094,0.01825395727737549,True,True,False,True,False,False
uniform bias=0.30 frac=1.00,57,1.0,0.7,1.0955099897654963,0.7990180809564069,1.2515361339545936,0.04309653722069006,0.025555540188325686,True,True,False,True,False,False
uniform bias=0.30 frac=1.00,57,1.0,1.0,1.1364428425221376,0.907622480309705,1.1017796734813943,0.07660387811949386,0.03650791455475098,True,True,True,True,True,True
uniform bias=0.30 frac=0.10,58,0.1,0.3,1.0228994728740028,0.6950677178087729,1.4387087392758473,-0.008022306695885316,0.000548496566618296,True,True,False,True,False,False
uniform bias=0.30 frac=0.10,58,0.1,0.5,1.0381657881233382,0.6950677178087729,1.4387087392758473,-0.011888972995316122,0.0009141609443638284,True,True,False,True,False,False
uniform bias=0.30 frac=0.10,58,0.1,0.7,1.0534321033726735,0.6991805445413692,1.4302457466918714,-0.014570408763152682,0.0012798253221093605,True,True,False,True,False,False
uniform bias=0.30 frac=0.10,58,0.1,1.0,1.0763315762466763,0.7032933712739655,1.4218817364772993,-0.016370255168168493,0.0018283218887276559,True,True,False,True,False,True
uniform bias=0.30 frac=0.25,58,0.25,0.3,1.0228994728740028,0.6991805445413692,1.4302457466918714,-0.008022306695885316,0.0014609104109356986,True,True,False,True,False,False
uniform bias=0.30 frac=0.25,58,0.25,0.5,1.0381657881233382,0.7032933712739655,1.4218817364772993,-0.011888972995316122,0.002434850684892836,True,True,False,True,False,False
uniform bias=0.30 frac=0.25,58,0.25,0.7,1.0534321033726735,0.7115190247391581,1.4054437973272726,-0.014570408763152682,0.0034087909588499735,True,True,False,True,False,False
uniform bias=0.30 frac=0.25,58,0.25,1.0,1.0763315762466763,0.7238575049369469,1.3814873689637397,-0.016370255168168493,0.004869701369785672,True,True,False,True,False,True
uniform bias=0.30 frac=0.50,58,0.5,0.3,1.0228994728740028,0.7115190247391581,1.4054437973272726,-0.008022306695885316,0.002988088956614443,True,True,False,True,False,False
uniform bias=0.30 frac=0.50,58,0.5,0.5,1.0381657881233382,0.7197446782043506,1.3893815825006754,-0.011888972995316122,0.004980148261024083,True,True,False,True,False,False
uniform bias=0.30 frac=0.50,58,0.5,0.7,1.0534321033726735,0.7320831584021396,1.365965038975383,-0.014570408763152682,0.006972207565433722,True,True,False,True,False,False
uniform bias=0.30 frac=0.50,58,0.5,1.0,1.0763315762466763,0.7567601187977173,1.3214227007479247,-0.016370255168168493,0.009960296522048164,True,True,False,True,False,True
uniform bias=0.30 frac=1.00,58,1.0,0.3,1.0228994728740028,0.7361959851347358,1.3583339493721684,-0.008022306695885316,0.005976861467982075,True,True,False,True,False,False
uniform bias=0.30 frac=1.00,58,1.0,0.5,1.0381657881233382,0.7526472920651209,1.3286435898230502,-0.011888972995316122,0.009961435779970145,True,True,False,True,False,False
uniform bias=0.30 frac=1.00,58,1.0,0.7,1.0534321033726735,0.7773242524606987,1.286464428241366,-0.014570408763152682,0.013946010091958212,True,True,False,True,False,False
uniform bias=0.30 frac=1.00,58,1.0,1.0,1.0763315762466763,0.8390166534496432,1.1918714555765595,-0.016370255168168493,0.01992287155994029,True,True,False,True,False,True
uniform bias=0.30 frac=0.10,59,0.1,0.3,1.0382420929324483,0.6295531879288224,1.58842814105972,-0.0038518658866071747,0.000953585938411017,True,True,False,True,False,False
uniform bias=0.30 frac=0.10,59,0.1,0.5,1.0637368215540806,0.6334393187185064,1.5786831831391084,-0.0024884591528146305,0.0015893098973516968,True,True,False,True,False,False
uniform bias=0.30 frac=0.10,59,0.1,0.7,1.0892315501757126,0.6373254495081906,1.569057066168748,0.002020001440869199,0.002225033856292371,True,True,False,True,False,True
uniform bias=0.30 frac=0.10,59,0.1,1.0,1.127473643108161,0.6373254495081906,1.569057066168748,0.014679668318691308,0.003178619794703389,True,True,False,True,False,False
uniform bias=0.30 frac=0.25,59,0.25,0.3,1.0382420929324483,0.6489838418772428,1.540870412285477,-0.0038518658866071747,0.0024404534980144105,True,True,False,True,False,False
uniform bias=0.30 frac=0.25,59,0.25,0.5,1.0637368215540806,0.6528699726669269,1.5316985645933017,-0.0024884591528146305,0.004067422496690688,True,True,False,True,False,False
uniform bias=0.30 frac=0.25,59,0.25,0.7,1.0892315501757126,0.6645283650359792,1.5048266599513138,0.002020001440869199,0.005694391495366954,True,True,False,True,False,False
uniform bias=0.30 frac=0.25,59,0.25,1.0,1.127473643108161,0.6761867574050314,1.478881372710774,0.014679668318691308,0.008134844993381364,True,True,False,True,False,True
uniform bias=0.30 frac=0.50,59,0.5,0.3,1.0382420929324483,0.6761867574050314,1.478881372710774,-0.0038518658866071747,0.005060533927451306,True,True,False,True,False,False
uniform bias=0.30 frac=0.50,59,0.5,0.5,1.0637368215540806,0.6878451497740837,1.4538155867326252,-0.0024884591528146305,0.008434223212418854,True,True,False,True,False,False
uniform bias=0.30 frac=0.50,59,0.5,0.7,1.0892315501757126,0.7072758037225042,1.4138755980861244,0.002020001440869199,0.011807912497386372,True,True,False,True,False,False
uniform bias=0.30 frac=0.50,59,0.5,1.0,1.127473643108161,0.7383648500399769,1.3543439939561825,0.014679668318691308,0.016868446424837678,True,True,False,True,False,True
uniform bias=0.30 frac=1.00,59,1.0,0.3,1.0382420929324483,0.7072758037225042,1.4138755980861244,-0.0038518658866071747,0.010191148095552952,True,True,False,True,False,False
uniform bias=0.30 frac=1.00,59,1.0,0.5,1.0637368215540806,0.7577955039883973,1.3196172248803828,-0.0024884591528146305,0.016985246825921608,True,True,False,True,False,False
uniform bias=0.30 frac=1.00,59,1.0,0.7,1.0892315501757126,0.8005429426749223,1.249152227435314,0.002020001440869199,0.023779345556290205,True,True,False,True,False,False
uniform bias=0.30 frac=1.00,59,1.0,1.0,1.127473643108161,0.8588349045201836,1.1643681396003378,0.014679668318691308,0.033970493651843146,True,True,True,True,True,True
uniform bias=0.30 frac=0.10,60,0.1,0.3,1.0272090395480227,0.6704331450094161,1.4915730337078654,0.0030883341539357165,0.0006749010298838435,True,True,False,True,False,False
uniform bias=0.30 frac=0.10,60,0.1,0.5,1.0453483992467043,0.674623352165725,1.482308604927071,0.007128175973287204,0.0011248350498064019,True,True,False,True,False,False
uniform bias=0.30 frac=0.10,60,0.1,0.7,1.0634877589453862,0.6830037664783427,1.464120769283794,0.012752779699354264,0.0015747690697289665,True,True,False,True,False,True
uniform bias=0.30 frac=0.10,60,0.1,1.0,1.0906967984934088,0.6830037664783427,1.464120769283794,0.024161113863546222,0.0022496700996128094,True,True,False,True,False,False
uniform bias=0.30 frac=0.25,60,0.25,0.3,1.0272090395480227,0.6788135593220339,1.4731585518102372,0.0030883341539357165,0.001760505058813088,True,True,False,True,False,False
uniform bias=0.30 frac=0.25,60,0.25,0.5,1.0453483992467043,0.6871939736346516,1.4551932036174293,0.007128175973287204,0.002934175098021804,True,True,False,True,False,False
uniform bias=0.30 frac=0.25,60,0.25,0.7,1.0634877589453862,0.6955743879472692,1.437660755381075,0.012752779699354264,0.004107845137230534,True,True,False,True,False,False
uniform bias=0.30 frac=0.25,60,0.25,1.0,1.0906967984934088,0.703954802259887,1.420545746388443,0.024161113863546222,0.005868350196043622,True,True,False,True,False,True
uniform bias=0.30 frac=0.50,60,0.5,0.3,1.0272090395480227,0.6997645951035781,1.4290520083428648,0.0030883341539357165,0.0034958356077383857,True,True,False,True,False,False
uniform bias=0.30 frac=0.50,60,0.5,0.5,1.0453483992467043,0.7123352165725048,1.4038334434897553,0.007128175973287204,0.005826392679563957,True,True,False,True,False,False
uniform bias=0.30 frac=0.50,60,0.5,0.7,1.0634877589453862,0.7207156308851224,1.3875097987980143,0.012752779699354264,0.008156949751389557,True,True,False,True,False,False
uniform bias=0.30 frac=0.50,60,0.5,1.0,1.0906967984934088,0.7416666666666666,1.3483146067415732,0.024161113863546222,0.011652785359127945,True,True,False,True,False,True
uniform bias=0.30 frac=1.00,60,1.0,0.3,1.0272090395480227,0.7207156308851224,1.3875097987980143,0.0030883341539357165,0.006914578029062221,True,True,False,True,False,False
uniform bias=0.30 frac=1.00,60,1.0,0.5,1.0453483992467043,0.7500470809792844,1.3332496390684827,0.007128175973287204,0.011524296715103662,True,True,False,True,False,False
uniform bias=0.30 frac=1.00,60,1.0,0.7,1.0634877589453862,0.7751883239171374,1.2900091102338294,0.012752779699354264,0.016134015401145164,True,True,False,True,False,False
uniform bias=0.30 frac=1.00,60,1.0,1.0,1.0906967984934088,0.8045197740112994,1.2429775280898878,0.024161113863546222,0.023048593430207386,True,True,False,True,False,True
uniform bias=0.30 frac=0.10,61,0.1,0.3,1.0136693577539462,0.7349078202193035,1.3607148712903756,4.925690784087613e-05,0.0003820496187768142,True,True,False,True,False,False
uniform bias=0.30 frac=0.10,61,0.1,0.5,1.0227822629232437,0.7349078202193035,1.3607148712903756,0.0006164925562423974,0.0006367493646280253,True,True,False,True,False,False
uniform bias=0.30 frac=0.10,61,0.1,0.7,1.0318951680925412,0.7392055267702936,1.352803738317757,0.0016112463725166785,0.000891449110479237,True,True,False,True,False,False
uniform bias=0.30 frac=0.10,61,0.1,1.0,1.0455645258464876,0.7435032333212837,1.3449840635297932,0.0039049736616895824,0.0012734987292560569,True,True,False,True,False,True
uniform bias=0.30 frac=0.25,61,0.25,0.3,1.0136693577539462,0.7392055267702936,1.352803738317757,4.925690784087613e-05,0.000917703595876663,True,True,False,True,False,False
uniform bias=0.30 frac=0.25,61,0.25,0.5,1.0227822629232437,0.7392055267702936,1.352803738317757,0.0006164925562423974,0.001529505993127776,True,True,False,True,False,False
uniform bias=0.30 frac=0.25,61,0.25,0.7,1.0318951680925412,0.7435032333212837,1.3449840635297932,0.0016112463725166785,0.00214130839037889,True,True,False,True,False,False
uniform bias=0.30 frac=0.25,61,0.25,1.0,1.0455645258464876,0.7478009398722737,1.337254270061231,0.0039049736616895824,0.0030590119862555676,True,True,False,True,False,True
uniform bias=0.30 frac=0.50,61,0.5,0.3,1.0136693577539462,0.7520986464232637,1.3296128170894528,4.925690784087613e-05,0.0017890070523585726,True,True,False,True,False,False
uniform bias=0.30 frac=0.50,61,0.5,0.5,1.0227822629232437,0.7563963529742539,1.3220581988105353,0.0006164925562423974,0.0029816784205976303,True,True,False,True,False,False
uniform bias=0.30 frac=0.50,61,0.5,0.7,1.0318951680925412,0.7778848857292043,1.2855372540920122,0.0016112463725166785,0.004174349788836688,True,True,False,True,False,False
uniform bias=0.30 frac=0.50,61,0.5,1.0,1.0455645258464876,0.7950757119331645,1.2577418540035366,0.0039049736616895824,0.005963356841195291,True,True,False,True,False,True
uniform bias=0.30 frac=1.00,61,1.0,0.3,1.0136693577539462,0.7606940595252439,1.314588943450024,4.925690784087613e-05,0.0035309157153767764,True,True,False,True,False,False
uniform bias=0.30 frac=1.00,61,1.0,0.5,1.0227822629232437,0.7735871791782142,1.292679127725857,0.0006164925562423974,0.005884859525627979,True,True,False,True,False,False
uniform bias=0.30 frac=1.00,61,1.0,0.7,1.0318951680925412,0.8079688315861349,1.2376715052694374,0.0016112463725166785,0.008238803335879183,True,True,False,True,False,False
uniform bias=0.30 frac=1.00,61,1.0,1.0,1.0455645258464876,0.8380527774430653,1.1932422717469449,0.0039049736616895824,0.011769719051256015,True,True,False,True,False,True
uniform bias=0.30 frac=0.10,62,0.1,0.3,1.0442068965517242,0.5894909688013136,1.6963788300835656,-0.006765966408613554,0.0010359997152563126,True,True,False,True,False,False
uniform bias=0.30 frac=0.10,62,0.1,0.5,1.0736781609195403,0.5936717558140888,1.6844325002942448,-0.006342758104122031,0.001726666192093854,True,True,False,True,False,False
uniform bias=0.30 frac=0.10,62,0.1,0.7,1.1031494252873564,0.5978525428268642,1.6726532520404387,-0.0019724677381098617,0.0024173326689313963,True,True,False,True,False,False
uniform bias=0.30 frac=0.10,62,0.1,1.0,1.1473563218390805,0.6062141168524147,1.64958217270195,0.011983746676259151,0.003453332384187708,True,True,False,True,False,True
uniform bias=0.30 frac=0.25,62,0.25,0.3,1.0442068965517242,0.6062141168524147,1.64958217270195,-0.006765966408613554,0.002560030267189894,True,True,False,True,False,False
uniform bias=0.30 frac=0.25,62,0.25,0.5,1.0736781609195403,0.6229372649035159,1.605298087528743,-0.006342758104122031,0.004266717111983156,True,True,False,True,False,False
uniform bias=0.30 frac=0.25,62,0.25,0.7,1.1031494252873564,0.6271180519162911,1.5945961002785516,-0.0019724677381098617,0.005973403956776418,True,True,False,True,False,False
uniform bias=0.30 frac=0.25,62,0.25,1.0,1.1473563218390805,0.639660412954617,1.5633295100770113,0.011983746676259151,0.008533434223966312,True,True,False,True,False,True
uniform bias=0.30 frac=0.50,62,0.5,0.3,1.0442068965517242,0.6229372649035159,1.605298087528743,-0.006765966408613554,0.00520068583671634,True,True,False,True,False,False
uniform bias=0.30 frac=0.50,62,0.5,0.5,1.0736781609195403,0.6605643480184933,1.513857057226473,-0.006342758104122031,0.008667809727860565,True,True,False,True,False,False
uniform bias=0.30 frac=0.50,62,0.5,0.7,1.1031494252873564,0.6814682830823696,1.4674197241827163,-0.0019724677381098617,0.012134933619004792,True,True,False,True,False,False
uniform bias=0.30 frac=0.50,62,0.5,1.0,1.1473563218390805,0.7065530051590213,1.4153219824957557,0.011983746676259151,0.01733561945572113,True,True,False,True,False,True
uniform bias=0.30 frac=1.00,62,1.0,0.3,1.0442068965517242,0.6647451350312685,1.504335943659011,-0.006765966408613554,0.010687569017644234,True,True,False,True,False,False
uniform bias=0.30 frac=1.00,62,1.0,0.5,1.0736781609195403,0.7149145791845718,1.3987685090162734,-0.006342758104122031,0.017812615029407054,True,True,False,True,False,False
uniform bias=0.30 frac=1.00,62,1.0,0.7,1.1031494252873564,0.7734455973634257,1.2929157569826093,-0.0019724677381098617,0.02493766104116988,True,True,False,True,False,False
uniform bias=0.30 frac=1.00,62,1.0,1.0,1.1473563218390805,0.8403381895678301,1.189997089760113,0.011983746676259151,0.03562523005881411,True,True,False,True,False,True
uniform bias=0.30 frac=0.10,63,0.1,0.3,1.0183901962258477,0.7162995263514021,1.3960640251902388,0.008885882329792517,0.0004854222192906832,True,True,False,True,False,False
uniform bias=0.30 frac=0.10,63,0.1,0.5,1.0306503270430796,0.7162995263514021,1.3960640251902388,0.015994294168576492,0.0008090370321511409,True,True,False,True,False,False
uniform bias=0.30 frac=0.10,63,0.1,0.7,1.0429104578603112,0.7162995263514021,1.3960640251902388,0.024050298235831553,0.0011326518450115919,True,True,False,True,False,False
uniform bias=0.30 frac=0.10,63,0.1,1.0,1.061300654086159,0.7201714156830313,1.3885583046246999,0.037911039765097916,0.0016180740643022755,True,True,False,True,False,True
uniform bias=0.30 frac=0.25,63,0.25,0.3,1.0183901962258477,0.7201714156830313,1.3885583046246999,0.008885882329792517,0.0012625768992943222,True,True,False,True,False,False
uniform bias=0.30 frac=0.25,63,0.25,0.5,1.0306503270430796,0.7240433050146605,1.3811328591454235,0.015994294168576492,0.0021042948321572095,True,True,False,True,False,False
uniform bias=0.30 frac=0.25,63,0.25,0.7,1.0429104578603112,0.7240433050146605,1.3811328591454235,0.024050298235831553,0.00294601276502008,True,True,False,True,False,False
uniform bias=0.30 frac=0.25,63,0.25,1.0,1.061300654086159,0.731787083677919,1.3665176966147838,0.037911039765097916,0.004208589664314402,True,True,False,True,False,True
uniform bias=0.30 frac=0.50,63,0.5,0.3,1.0183901962258477,0.7356589730095481,1.3593254982115484,0.008885882329792517,0.0025578361851817666,True,True,False,True,False,False
uniform bias=0.30 frac=0.50,63,0.5,0.5,1.0306503270430796,0.7511465303360649,1.3312981683515164,0.015994294168576492,0.0042630603086362875,True,True,False,True,False,False
uniform bias=0.30 frac=0.50,63,0.5,0.7,1.0429104578603112,0.7627621983309525,1.311024592183727,0.024050298235831553,0.005968284432090777,True,True,False,True,False,False
uniform bias=0.30 frac=0.50,63,0.5,1.0,1.061300654086159,0.7743778663258402,1.291359223300971,0.037911039765097916,0.008526120617272544,True,True,False,True,False,True
uniform bias=0.30 frac=1.00,63,1.0,0.3,1.0183901962258477,0.7434027516728064,1.3451658576051782,0.008885882329792517,0.005166225033650766,True,True,False,True,False,False
uniform bias=0.30 frac=1.00,63,1.0,0.5,1.0306503270430796,0.7627621983309525,1.311024592183727,0.015994294168576492,0.008610375056084632,True,True,False,True,False,False
uniform bias=0.30 frac=1.00,63,1.0,0.7,1.0429104578603112,0.7859935343207277,1.2722750968482472,0.024050298235831553,0.012054525078518435,True,True,False,True,False,False
uniform bias=0.30 frac=1.00,63,1.0,1.0,1.061300654086159,0.8208405383053905,1.2182634182084633,0.037911039765097916,0.017220750112169197,True,True,False,True,False,True
uniform bias=0.30 frac=0.10,64,0.1,0.3,1.0411776540326927,0.6223280043111192,1.6068696781642369,-0.01655622063683343,0.0011713128263952676,True,True,False,True,False,False
uniform bias=0.30 frac=0.10,64,0.1,0.5,1.068629423387821,0.6223280043111192,1.6068696781642369,-0.02252942201349138,0.0019521880439921095,True,True,False,True,False,False
uniform bias=0.30 frac=0.10,64,0.1,0.7,1.0960811927429495,0.6296928327645052,1.5880758807588076,-0.02445120015183079,0.0027330632615889527,True,True,False,True,False,False
uniform bias=0.30 frac=0.10,64,0.1,1.0,1.1372588467756422,0.6333752469911982,1.5788428814520703,-0.019737448787493398,0.003904376087984219,True,True,False,True,False,True
uniform bias=0.30 frac=0.25,64,0.25,0.3,1.0411776540326927,0.6444224896712771,1.5517770034843206,-0.01655622063683343,0.0028506404781012545,True,True,False,True,False,False
uniform bias=0.30 frac=0.25,64,0.25,0.5,1.068629423387821,0.6517873181246633,1.534242800055119,-0.02252942201349138,0.004751067463502084,True,True,False,True,False,False
uniform bias=0.30 frac=0.25,64,0.25,0.7,1.0960811927429495,0.6628345608047423,1.508672086720867,-0.02445120015183079,0.006651494448902915,True,True,False,True,False,False
uniform bias=0.30 frac=0.25,64,0.25,1.0,1.1372588467756422,0.6665169750314353,1.5003368818218568,-0.019737448787493398,0.009502134927004168,True,True,False,True,False,True
uniform bias=0.30 frac=0.50,64,0.5,0.3,1.0411776540326927,0.6738818034848214,1.4839397574303608,-0.01655622063683343,0.005661718610576697,True,True,False,True,False,False
uniform bias=0.30 frac=0.50,64,0.5,0.5,1.068629423387821,0.6886114603915934,1.452197730533455,-0.02252942201349138,0.009436197684294483,True,True,False,True,False,False
uniform bias=0.30 frac=0.50,64,0.5,0.7,1.0960811927429495,0.7070235315250584,1.414380081300813,-0.02445120015183079,0.01321067675801227,True,True,False,True,False,False
uniform bias=0.30 frac=0.50,64,0.5,1.0,1.1372588467756422,0.7291180168852165,1.371520078837152,-0.019737448787493398,0.01887239536858897,True,True,False,True,False,True
uniform bias=0.30 frac=1.00,64,1.0,0.3,1.0411776540326927,0.7180707742051374,1.3926203877423389,-0.01655622063683343,0.011321332293706701,True,True,False,True,False,False
uniform bias=0.30 frac=1.00,64,1.0,0.5,1.068629423387821,0.7548949164720676,1.324687685901249,-0.02252942201349138,0.018868887156177815,True,True,False,True,False,False
uniform bias=0.30 frac=1.00,64,1.0,0.7,1.0960811927429495,0.7880366445123047,1.2689765215409163,-0.02445120015183079,0.02641644201864893,True,True,False,True,False,False
uniform bias=0.30 frac=1.00,64,1.0,1.0,1.1372588467756422,0.8395904436860069,1.1910569105691056,-0.019737448787493398,0.03773777431235564,True,True,False,True,False,True
uniform bias=0.30 frac=0.10,65,0.1,0.3,1.0356078808712723,0.6387339080771947,1.565597171771166,0.0059956593792685805,0.0008729857140381018,True,True,False,True,False,False
uniform bias=0.30 frac=0.10,65,0.1,0.5,1.0593464681187874,0.6428815308569167,1.5554965448565135,0.013492902802289354,0.0014549761900635079,True,True,False,True,False,False
uniform bias=0.30 frac=0.10,65,0.1,0.7,1.0830850553663023,0.6428815308569167,1.5554965448565135,0.023790255961449954,0.002036966666088909,True,True,False,True,False,False
uniform bias=0.30 frac=0.10,65,0.1,1.0,1.1186929362375746,0.6470291536366387,1.5455254131587155,0.044486491455453726,0.002909952380127011,True,True,False,True,False,True
uniform bias=0.30 frac=0.25,65,0.25,0.3,1.0356078808712723,0.6428815308569167,1.5554965448565135,0.0059956593792685805,0.0021299641701136374,True,True,False,True,False,False
uniform bias=0.30 frac=0.25,65,0.25,0.5,1.0593464681187874,0.6553243991960829,1.5259618003339215,0.013492902802289354,0.0035499402835227427,True,True,False,True,False,False
uniform bias=0.30 frac=0.25,65,0.25,0.7,1.0830850553663023,0.6594720219758049,1.5163645563066641,0.023790255961449954,0.004969916396931834,True,True,False,True,False,False
uniform bias=0.30 frac=0.25,65,0.25,1.0,1.1186929362375746,0.667767267535249,1.497527729520246,0.044486491455453726,0.007099880567045473,True,True,False,True,False,True
uniform bias=0.30 frac=0.50,65,0.5,0.3,1.0356078808712723,0.6511767764163607,1.5356813022468765,0.0059956593792685805,0.004431216647438641,True,True,False,True,False,False
uniform bias=0.30 frac=0.50,65,0.5,0.5,1.0593464681187874,0.6760625130946931,1.4791531561518991,0.013492902802289354,0.007385361079064428,True,True,False,True,False,False
uniform bias=0.30 frac=0.50,65,0.5,0.7,1.0830850553663023,0.6885053814338592,1.4524214726069855,0.023790255961449954,0.01033950551069019,True,True,False,True,False,False
uniform bias=0.30 frac=0.50,65,0.5,1.0,1.1186929362375746,0.7216863636716355,1.3856434738664345,0.044486491455453726,0.014770722158128828,True,True,False,True,False,True
uniform bias=0.30 frac=1.00,65,1.0,0.3,1.0356078808712723,0.6926530042135812,1.4437243380404765,0.0059956593792685805,0.008985542184150035,True,True,False,True,False,False
uniform bias=0.30 frac=1.00,65,1.0,0.5,1.0593464681187874,0.7548673459094118,1.324736068421756,0.013492902802289354,0.01497590364025011,True,True,False,True,False,False
uniform bias=0.30 frac=1.00,65,1.0,0.7,1.0830850553663023,0.7921959509269103,1.262313950014448,0.023790255961449954,0.020966265096350134,True,True,False,True,False,False
uniform bias=0.30 frac=1.00,65,1.0,1.0,1.1186929362375746,0.8627055381821849,1.1591440598690366,0.044486491455453726,0.02995180728050017,True,True,True,True,True,True
uniform bias=0.30 frac=0.10,66,0.1,0.3,1.0497832167832168,0.5792540792540793,1.72635814889336,0.009272275591512991,0.0011878126874656496,True,True,False,True,False,False
uniform bias=0.30 frac=0.10,66,0.1,0.5,1.082972027972028,0.5792540792540793,1.72635814889336,0.022702689105768153,0.0019796878124427493,True,True,False,True,False,False
uniform bias=0.30 frac=0.10,66,0.1,0.7,1.116160839160839,0.5833333333333334,1.7142857142857142,0.04193221978262035,0.0027715629374198436,True,True,False,True,False,False
uniform bias=0.30 frac=0.10,66,0.1,1.0,1.165944055944056,0.5874125874125875,1.702380952380952,0.0816498604777684,0.0039593756248854925,True,True,False,True,False,True
uniform bias=0.30 frac=0.25,66,0.25,0.3,1.0497832167832168,0.6078088578088578,1.645254074784276,0.009272275591512991,0.0031570627201771436,True,True,False,True,False,False
uniform bias=0.30 frac=0.25,66,0.25,0.5,1.082972027972028,0.615967365967366,1.6234626300851465,0.022702689105768153,0.00526177120029524,True,True,False,True,False,False
uniform bias=0.30 frac=0.25,66,0.25,0.7,1.116160839160839,0.6241258741258742,1.6022408963585433,0.04193221978262035,0.00736647968041332,True,True,False,True,False,False
uniform bias=0.30 frac=0.25,66,0.25,1.0,1.165944055944056,0.6486013986013986,1.5417789757412397,0.0816498604777684,0.010523542400590464,True,True,False,True,False,True
uniform bias=0.30 frac=0.50,66,0.5,0.3,1.0497832167832168,0.6445221445221446,1.551537070524412,0.009272275591512991,0.0060957011965266285,True,True,False,True,False,False
uniform bias=0.30 frac=0.50,66,0.5,0.5,1.082972027972028,0.6608391608391608,1.5132275132275133,0.022702689105768153,0.010159501994211046,True,True,False,True,False,False
uniform bias=0.30 frac=0.50,66,0.5,0.7,1.116160839160839,0.6853146853146853,1.4591836734693877,0.04193221978262035,0.014223302791895435,True,True,False,True,False,False
uniform bias=0.30 frac=0.50,66,0.5,1.0,1.165944055944056,0.7342657342657343,1.361904761904762,0.0816498604777684,0.020319003988422065,True,True,False,True,False,True
uniform bias=0.30 frac=1.00,66,1.0,0.3,1.0497832167832168,0.6934731934731936,1.4420168067226888,0.009272275591512991,0.012318094877510139,True,True,False,True,False,False
uniform bias=0.30 frac=1.00,66,1.0,0.5,1.082972027972028,0.7546620046620047,1.325096525096525,0.022702689105768153,0.020530158129183563,True,True,False,True,False,False
uniform bias=0.30 frac=1.00,66,1.0,0.7,1.116160839160839,0.824009324009324,1.2135785007072135,0.04193221978262035,0.02874222138085693,True,True,False,True,False,False
uniform bias=0.30 frac=1.00,66,1.0,1.0,1.165944055944056,0.9178321678321679,1.0895238095238093,0.0816498604777684,0.04106031625836708,True,True,True,True,True,True
uniform bias=0.30 frac=0.10,67,0.1,0.3,1.0519331738051854,0.560375549750097,1.7845175444324013,0.009696211599804137,0.001448383830420806,True,True,False,True,False,False
uniform bias=0.30 frac=0.10,67,0.1,0.5,1.086555289675309,0.5718901158408524,1.7485876609874538,0.02349551207779851,0.002413973050701345,True,True,False,True,False,False
uniform bias=0.30 frac=0.10,67,0.1,0.7,1.1211774055454327,0.5834046819316078,1.714076062415333,0.043162940084959474,0.0033795622709818837,True,True,False,True,False,False
uniform bias=0.30 frac=0.10,67,0.1,1.0,1.173110579350618,0.5987574367192817,1.670125394148273,0.08366682121288811,0.004827946101402689,True,True,False,True,False,True
uniform bias=0.30 frac=0.25,67,0.25,0.3,1.0519331738051854,0.5872428706285263,1.7028729508962783,0.009696211599804137,0.0034441911346895712,True,True,False,True,False,False
uniform bias=0.30 frac=0.25,67,0.25,0.5,1.086555289675309,0.6064338141131187,1.6489845663742442,0.02349551207779851,0.005740318557815957,True,True,False,True,False,False
uniform bias=0.30 frac=0.25,67,0.25,0.7,1.1211774055454327,0.6217865689007925,1.6082688980687074,0.043162940084959474,0.008036445980942341,True,True,False,True,False,False
uniform bias=0.30 frac=0.25,67,0.25,1.0,1.173110579350618,0.6486538897792218,1.5416542099830215,0.08366682121288811,0.011480637115631914,True,True,False,True,False,True
uniform bias=0.30 frac=0.50,67,0.5,0.3,1.0519331738051854,0.6102720028100371,1.638613594258683,0.009696211599804137,0.006878871261069762,True,True,False,True,False,False
uniform bias=0.30 frac=0.50,67,0.5,0.5,1.086555289675309,0.6333011349915479,1.579027645376549,0.02349551207779851,0.011464785435116278,True,True,False,True,False,False
uniform bias=0.30 frac=0.50,67,0.5,0.7,1.1211774055454327,0.6678448332638142,1.497353801650176,0.043162940084959474,0.016050699609162795,True,True,False,True,False,False
uniform bias=0.30 frac=0.50,67,0.5,1.0,1.173110579350618,0.7254176637175913,1.3785161983446064,0.08366682121288811,0.022929570870232556,True,True,False,True,False,True
uniform bias=0.30 frac=1.00,67,1.0,0.3,1.0519331738051854,0.6716830219607326,1.488797494212175,0.009696211599804137,0.013545779268943925,True,True,False,True,False,False
uniform bias=0.30 frac=1.00,67,1.0,0.5,1.086555289675309,0.7292558524145097,1.3712608499322663,0.02349551207779851,0.022576298781573224,True,True,False,True,False,False
uniform bias=0.30 frac=1.00,67,1.0,0.7,1.1211774055454327,0.7983432489590423,1.2525940456112048,0.043162940084959474,0.031606818294202525,True,True,False,True,False,False
uniform bias=0.30 frac=1.00,67,1.0,1.0,1.173110579350618,0.9134889098665965,1.0947040398618932,0.08366682121288811,0.04515259756314645,True,True,True,True,True,True
uniform bias=0.30 frac=0.10,68,0.1,0.3,1.0272090395480227,0.674623352165725,1.482308604927071,-0.001174242780672851,0.0006527132269593395,True,True,False,True,False,False
uniform bias=0.30 frac=0.10,68,0.1,0.5,1.0453483992467043,0.6788135593220339,1.4731585518102372,-7.168054103371198e-05,0.0010878553782655623,True,True,False,True,False,False
uniform bias=0.30 frac=0.10,68,0.1,0.7,1.0634877589453862,0.6830037664783427,1.464120769283794,0.002539194306675449,0.0015229975295717902,True,True,False,True,False,False
uniform bias=0.30 frac=0.10,68,0.1,1.0,1.0906967984934088,0.6913841807909604,1.446373850868233,0.009283592718370903,0.0021757107565311294,True,True,False,True,False,True
uniform bias=0.30 frac=0.25,68,0.25,0.3,1.0272090395480227,0.6830037664783427,1.464120769283794,-0.001174242780672851,0.0015810916070024045,True,True,False,True,False,False
uniform bias=0.30 frac=0.25,68,0.25,0.5,1.0453483992467043,0.6955743879472692,1.437660755381075,-7.168054103371198e-05,0.0026351526783373316,True,True,False,True,False,False
uniform bias=0.30 frac=0.25,68,0.25,0.7,1.0634877589453862,0.703954802259887,1.420545746388443,0.002539194306675449,0.003689213749672272,True,True,False,True,False,False
uniform bias=0.30 frac=0.25,68,0.25,1.0,1.0906967984934088,0.7123352165725048,1.4038334434897553,0.009283592718370903,0.005270305356674676,True,True,False,True,False,True
uniform bias=0.30 frac=0.50,68,0.5,0.3,1.0272090395480227,0.6997645951035781,1.4290520083428648,-0.001174242780672851,0.0034008614730553217,True,True,False,True,False,False
uniform bias=0.30 frac=0.50,68,0.5,0.5,1.0453483992467043,0.7249058380414313,1.3794895109436902,-7.168054103371198e-05,0.005668102455092183,True,True,False,True,False,False
uniform bias=0.30 frac=0.50,68,0.5,0.7,1.0634877589453862,0.7542372881355932,1.3258426966292136,0.002539194306675449,0.007935343437129073,True,True,False,True,False,False
uniform bias=0.30 frac=0.50,68,0.5,1.0,1.0906967984934088,0.7793785310734463,1.28307357738311,0.009283592718370903,0.011336204910184394,True,True,False,True,False,True
uniform bias=0.30 frac=1.00,68,1.0,0.3,1.0272090395480227,0.7207156308851224,1.3875097987980143,-0.001174242780672851,0.006906721826535701,True,True,False,True,False,False
uniform bias=0.30 frac=1.00,68,1.0,0.5,1.0453483992467043,0.7626177024482109,1.311272996666255,-7.168054103371198e-05,0.011511203044226133,True,True,False,True,False,False
uniform bias=0.30 frac=1.00,68,1.0,0.7,1.0634877589453862,0.8129001883239171,1.2301633267693735,0.002539194306675449,0.016115684261916615,True,True,False,True,False,False
uniform bias=0.30 frac=1.00,68,1.0,1.0,1.0906967984934088,0.8506120527306967,1.1756240659766426,0.009283592718370903,0.023022406088452317,True,True,True,True,True,True
uniform bias=0.30 frac=0.10,69,0.1,0.3,1.0357531570438538,0.6376682155118162,1.568213650412798,0.004657709907966891,0.0009525659339232588,True,True,False,True,False,False
uniform bias=0.30 frac=0.10,69,0.1,0.5,1.0595885950730897,0.6416288876578522,1.5585333192374107,0.011108732098779946,0.0015876098898720962,True,True,False,True,False,False
uniform bias=0.30 frac=0.10,69,0.1,0.7,1.0834240331023255,0.6416288876578522,1.5585333192374107,0.020236460091327835,0.0022226538458209335,True,True,False,True,False,False
uniform bias=0.30 frac=0.10,69,0.1,1.0,1.1191771901461793,0.6614322483880328,1.5118706450087456,0.03894687545840243,0.003175219779744191,True,True,False,True,False,True
uniform bias=0.30 frac=0.25,69,0.25,0.3,1.0357531570438538,0.6455895598038883,1.5489717651316597,0.004657709907966891,0.002476446807554898,True,True,False,True,False,False
uniform bias=0.30 frac=0.25,69,0.25,0.5,1.0595885950730897,0.6614322483880328,1.5118706450087456,0.011108732098779946,0.004127411345924825,True,True,False,True,False,False
uniform bias=0.30 frac=0.25,69,0.25,0.7,1.0834240331023255,0.6653929205340691,1.5028714149789313,0.020236460091327835,0.005778375884294753,True,True,False,True,False,False
uniform bias=0.30 frac=0.25,69,0.25,1.0,1.1191771901461793,0.6851962812642496,1.4594358249506387,0.03894687545840243,0.008254822691849652,True,True,False,True,False,True
uniform bias=0.30 frac=0.50,69,0.5,0.3,1.0357531570438538,0.6891569534102857,1.4510482627382788,0.004657709907966891,0.0048162311552329895,True,True,False,True,False,False
uniform bias=0.30 frac=0.50,69,0.5,0.5,1.0595885950730897,0.7248030027246108,1.3796852334232814,0.011108732098779946,0.008027051925388306,True,True,False,True,False,False
uniform bias=0.30 frac=0.50,69,0.5,0.7,1.0834240331023255,0.7406456913087553,1.3501732498206445,0.020236460091327835,0.011237872695543622,True,True,False,True,False,False
uniform bias=0.30 frac=0.50,69,0.5,1.0,1.1191771901461793,0.7723310684770444,1.2947815267510794,0.03894687545840243,0.016054103850776612,True,True,False,True,False,True
uniform bias=0.30 frac=1.00,69,1.0,0.3,1.0357531570438538,0.7168816584325386,1.3949303741240913,0.004657709907966891,0.00953770427146119,True,True,False,True,False,False
uniform bias=0.30 frac=1.00,69,1.0,0.5,1.0595885950730897,0.7802524127691166,1.2816365366317792,0.011108732098779946,0.015896173785768627,True,True,False,True,False,False
uniform bias=0.30 frac=1.00,69,1.0,0.7,1.0834240331023255,0.823819806375514,1.213857681329137,0.020236460091327835,0.022254643300076066,True,True,False,True,False,False
uniform bias=0.30 frac=1.00,69,1.0,1.0,1.1191771901461793,0.9030332492962364,1.107378937352897,0.03894687545840243,0.031792347571537254,True,True,True,True,True,True
uniform bias=0.30 frac=0.10,70,0.1,0.3,1.048309633027523,0.5739678899082569,1.7422577422577423,-0.011279506318196578,0.0011658508797071487,True,True,False,True,False,True
uniform bias=0.30 frac=0.10,70,0.1,0.5,1.0805160550458717,0.5739678899082569,1.7422577422577423,-0.0123398552120221,0.0019430847995119142,True,True,False,True,False,False
uniform bias=0.30 frac=0.10,70,0.1,0.7,1.1127224770642201,0.5739678899082569,1.7422577422577423,-0.00823274651787028,0.0027203187193166746,True,True,False,True,False,False
uniform bias=0.30 frac=0.10,70,0.1,1.0,1.1610321100917431,0.5739678899082569,1.7422577422577423,0.007616899500815903,0.0038861695990238237,True,True,False,True,False,False
uniform bias=0.30 frac=0.25,70,0.25,0.3,1.048309633027523,0.5860091743119267,1.7064579256360077,-0.011279506318196578,0.0031881698143142226,True,True,False,True,False,False
uniform bias=0.30 frac=0.25,70,0.25,0.5,1.0805160550458717,0.5900229357798165,1.6948493683187562,-0.0123398552120221,0.00531361635719037,True,True,False,True,False,False
uniform bias=0.30 frac=0.25,70,0.25,0.7,1.1127224770642201,0.6060779816513762,1.6499526963103122,-0.00823274651787028,0.007439062900066505,True,True,False,True,False,False
uniform bias=0.30 frac=0.25,70,0.25,1.0,1.1610321100917431,0.6181192660550459,1.6178107606679035,0.007616899500815903,0.010627232714380729,True,True,False,True,False,True
uniform bias=0.30 frac=0.50,70,0.5,0.3,1.048309633027523,0.614105504587156,1.6283846872082166,-0.011279506318196578,0.0061441333700637465,True,True,False,True,False,False
uniform bias=0.30 frac=0.50,70,0.5,0.5,1.0805160550458717,0.6261467889908258,1.597069597069597,-0.0123398552120221,0.010240222283439581,True,True,False,True,False,False
uniform bias=0.30 frac=0.50,70,0.5,0.7,1.1127224770642201,0.6582568807339451,1.5191637630662018,-0.00823274651787028,0.014336311196815384,True,True,False,True,False,False
uniform bias=0.30 frac=0.50,70,0.5,1.0,1.1610321100917431,0.6943807339449541,1.440132122213047,0.007616899500815903,0.020480444566879134,True,True,False,True,False,True
uniform bias=0.30 frac=1.00,70,1.0,0.3,1.048309633027523,0.6702981651376146,1.491873396065013,-0.011279506318196578,0.012196574312800988,True,True,False,True,False,False
uniform bias=0.30 frac=1.00,70,1.0,0.5,1.0805160550458717,0.7144495412844037,1.3996789727126804,-0.0123398552120221,0.02032762385466831,True,True,False,True,False,False
uniform bias=0.30 frac=1.00,70,1.0,0.7,1.1127224770642201,0.7706422018348624,1.2976190476190474,-0.00823274651787028,0.028458673396535586,True,True,False,True,False,False
uniform bias=0.30 frac=1.00,70,1.0,1.0,1.1610321100917431,0.8549311926605505,1.1696847753185782,0.007616899500815903,0.04065524770933657,True,True,True,True,True,True
uniform bias=0.30 frac=0.10,71,0.1,0.3,1.0447825971965088,0.6059243586352816,1.6503710170231343,-0.0027728018869021976,0.0011585879106096562,True,True,False,True,False,False
uniform bias=0.30 frac=0.10,71,0.1,0.5,1.0746376619941815,0.6135942872256016,1.629741379310345,0.00020663779745685095,0.0019309798510161,True,True,False,True,False,False
uniform bias=0.30 frac=0.10,71,0.1,0.7,1.104492726791854,0.6212642158159216,1.609621115368242,0.007048456902317643,0.0027033717914225377,True,True,False,True,False,False
uniform bias=0.30 frac=0.10,71,0.1,1.0,1.149275323988363,0.6250991801110817,1.5997461392003387,0.024553146973049753,0.0038619597020322,True,True,False,True,False,True
uniform bias=0.30 frac=0.25,71,0.25,0.3,1.0447825971965088,0.6289341444062417,1.5899915895710681,-0.0027728018869021976,0.002970198917712744,True,True,False,True,False,False
uniform bias=0.30 frac=0.25,71,0.25,0.5,1.0746376619941815,0.6366040729965617,1.5708350643955131,0.00020663779745685095,0.004950331529521255,True,True,False,True,False,False
uniform bias=0.30 frac=0.25,71,0.25,0.7,1.104492726791854,0.6519439301772018,1.5338742393509128,0.007048456902317643,0.00693046414132975,True,True,False,True,False,False
uniform bias=0.30 frac=0.25,71,0.25,1.0,1.149275323988363,0.6672837873578418,1.4986127625842254,0.024553146973049753,0.00990066305904251,True,True,False,True,False,True
uniform bias=0.30 frac=0.50,71,0.5,0.3,1.0447825971965088,0.6442740015868816,1.5521346469622335,-0.0027728018869021976,0.0057878757464118,True,True,False,True,False,False
uniform bias=0.30 frac=0.50,71,0.5,0.5,1.0746376619941815,0.6672837873578418,1.4986127625842254,0.00020663779745685095,0.00964645957735303,True,True,False,True,False,False
uniform bias=0.30 frac=0.50,71,0.5,0.7,1.104492726791854,0.6941285374239619,1.4406553629262717,0.007048456902317643,0.01350504340829423,True,True,False,True,False,False
uniform bias=0.30 frac=0.50,71,0.5,1.0,1.149275323988363,0.732478180375562,1.3652283805741108,0.024553146973049753,0.01929291915470606,True,True,False,True,False,True
uniform bias=0.30 frac=1.00,71,1.0,0.3,1.0447825971965088,0.6787886802433218,1.4732125462692383,-0.0027728018869021976,0.01166686065441481,True,True,False,True,False,False
uniform bias=0.30 frac=1.00,71,1.0,0.5,1.0746376619941815,0.728643216080402,1.3724137931034484,0.00020663779745685095,0.019444767757358077,True,True,False,True,False,False
uniform bias=0.30 frac=1.00,71,1.0,0.7,1.104492726791854,0.7861676805078022,1.2719932716568545,0.007048456902317643,0.027222674860301284,True,True,False,True,False,False
uniform bias=0.30 frac=1.00,71,1.0,1.0,1.149275323988363,0.8475271092303622,1.1799032610391638,0.024553146973049753,0.038889535514716154,True,True,False,True,False,True
uniform bias=0.40 frac=1.00,42,1.0,0.3,1.0502948289169025,0.6674384701140554,1.4982654503404855,0.008663361443555265,0.013478609342599385,True,True,False,True,False,False
uniform bias=0.40 frac=1.00,42,1.0,0.5,1.0838247148615041,0.726438555869994,1.3765789163026798,0.021055164211758248,0.022464348904332285,True,True,False,True,False,False
uniform bias=0.40 frac=1.00,42,1.0,0.7,1.117354600806106,0.8333762113026326,1.1999382589010086,0.03873994975796129,0.03145008846606524,True,True,False,True,False,False
uniform bias=0.40 frac=1.00,42,1.0,1.0,1.1676494297230084,0.907126318497556,1.1023823028927964,0.07519147078601521,0.04492869780866463,True,True,True,True,True,True
uniform bias=0.40 frac=1.00,43,1.0,0.3,1.0516412248398326,0.6551732835595016,1.5263137632338788,0.010660788957354637,0.01332548729414839,True,True,False,True,False,False
uniform bias=0.40 frac=1.00,43,1.0,0.5,1.0860687080663876,0.7075871462442617,1.4132534844758138,0.024818737779737775,0.022209145490247297,True,True,False,True,False,False
uniform bias=0.40 frac=1.00,43,1.0,0.7,1.1204961912929425,0.7936956349406533,1.25992881399023,0.04461729154943848,0.031092803686346197,True,True,False,True,False,False
uniform bias=0.40 frac=1.00,43,1.0,1.0,1.1721374161327751,0.8535971922946649,1.1715127568681087,0.08489125648020968,0.044418290980494594,True,True,True,True,True,True
uniform bias=0.40 frac=1.00,44,1.0,0.3,1.0629388334668317,0.6349850724532149,1.5748401708666608,-0.002023858731658994,0.01530376688340405,True,True,False,True,False,False
uniform bias=0.40 frac=1.00,44,1.0,0.5,1.1048980557780528,0.6850141993737713,1.459823753893253,0.0057858333682027745,0.025506278139006727,True,True,False,True,False,False
uniform bias=0.40 frac=1.00,44,1.0,0.7,1.146857278089274,0.7696788757008666,1.2992431409649952,0.02092267047150522,0.03570878939460946,True,True,False,True,False,False
uniform bias=0.40 frac=1.00,44,1.0,1.0,1.2097961115561058,0.8658887351634749,1.1548827919688847,0.05736632300791054,0.05101255627801351,True,True,True,True,True,True
uniform bias=0.40 frac=1.00,45,1.0,0.3,1.0555062604340568,0.6421118530884807,1.5573610659733508,-0.0011141701446337028,0.015064664260248689,True,True,False,True,False,False
uniform bias=0.40 frac=1.00,45,1.0,0.5,1.0925104340567613,0.6917779632721202,1.4455505279034693,0.006577507860581342,0.02510777376708113,True,True,False,True,False,False
uniform bias=0.40 frac=1.00,45,1.0,0.7,1.1295146076794658,0.7378964941569283,1.355203619909502,0.021016752347106725,0.035150883273913566,True,True,False,True,False,False
uniform bias=0.40 frac=1.00,45,1.0,1.0,1.1850208681135226,0.8443238731218697,1.184379634206624,0.05532730622935138,0.05021554753416226,True,True,False,True,False,True
uniform bias=0.40 frac=1.00,46,1.0,0.3,1.0461326223184078,0.6737953448039459,1.4841301705504806,0.0014018378469902223,0.011780800118080817,True,True,False,True,False,False
uniform bias=0.40 frac=1.00,46,1.0,0.5,1.0768877038640128,0.7516907603882171,1.3303342979545756,0.0072040083212461,0.019634666863467994,True,True,False,True,False,False
uniform bias=0.40 frac=1.00,46,1.0,0.7,1.107642785409618,0.8373757175309153,1.1942070674662006,0.016900268323178952,0.027488533608855226,True,True,False,True,False,False
uniform bias=0.40 frac=1.00,46,1.0,1.0,1.1537754077280258,0.9152711331151866,1.092572423426524,0.03874607619047182,0.039269333726936036,True,True,True,True,True,True
uniform bias=0.40 frac=1.00,47,1.0,0.3,1.066824231637437,0.5965011286681715,1.6764427625354779,0.0019032238957939582,0.01622096751360803,True,True,False,True,False,False
uniform bias=0.40 frac=1.00,47,1.0,0.5,1.1113737193957285,0.6806230827111188,1.4692419716603065,0.013180585657623268,0.027034945856013425,True,True,False,True,False,False
uniform bias=0.40 frac=1.00,47,1.0,0.7,1.1559232071540197,0.7418026856514441,1.3480673760594564,0.03246478408449249,0.03784892419841876,True,True,False,True,False,False
uniform bias=0.40 frac=1.00,47,1.0,1.0,1.222747438791457,0.8565144411645541,1.1675226381943504,0.07640390047174625,0.054069891712026835,True,True,True,True,True,True
uniform bias=0.40 frac=1.00,48,1.0,0.3,1.0609983067803022,0.6304998709759522,1.5860431477203916,0.008216383827393767,0.015746897544053215,True,True,False,True,False,False
uniform bias=0.40 frac=1.00,48,1.0,0.5,1.101663844633837,0.7038138094615279,1.420830319832851,0.02200647525874484,0.02624482924008869,True,True,False,True,False,False
uniform bias=0.40 frac=1.00,48,1.0,0.7,1.1423293824873715,0.7661306571742673,1.3052603895115187,0.042446568460566325,0.036742760936124115,True,True,False,True,False,False
uniform bias=0.40 frac=1.00,48,1.0,1.0,1.2033276892676736,0.8834329587511887,1.131947806671815,0.08557546158293125,0.05248965848017734,True,True,True,True,True,True
uniform bias=0.40 frac=1.00,49,1.0,0.3,1.0622287075640262,0.609092713917014,1.6417861799217732,0.007630538066315736,0.015213436546786278,True,True,False,True,False,False
uniform bias=0.40 frac=1.00,49,1.0,0.5,1.1037145126067103,0.6871815233935543,1.4552195685670264,0.023608483744372164,0.025355727577977105,True,True,False,True,False,False
uniform bias=0.40 frac=1.00,49,1.0,0.7,1.1452003176493946,0.7886969757130566,1.2679140795435477,0.04829916566283893,0.03549801860916799,True,True,False,True,False,True
uniform bias=0.40 frac=1.00,49,1.0,1.0,1.2074290252134208,0.8902124280325591,1.123327386262266,0.1016715689913083,0.05071145515595427,False,True,True,False,False,False
uniform bias=0.40 frac=1.00,50,1.0,0.3,1.0588329796264855,0.6296689303904923,1.5881361644759018,-0.016165871710181336,0.014945464599932162,True,True,False,True,False,False
uniform bias=0.40 frac=1.00,50,1.0,0.5,1.0980549660441425,0.6919036502546689,1.4452879380415613,-0.01846769468425507,0.024909107666553618,True,True,False,True,False,False
uniform bias=0.40 frac=1.00,50,1.0,0.7,1.1372769524617996,0.7248514431239389,1.3795930317669447,-0.013989177792157758,0.034872750733175084,True,True,False,True,False,False
uniform bias=0.40 frac=1.00,50,1.0,1.0,1.1961099320882853,0.8090513582342954,1.2360154764246836,0.005441734795059267,0.0498182153331073,True,True,False,True,False,True
uniform bias=0.40 frac=1.00,51,1.0,0.3,1.0433780652155908,0.6691110592451495,1.4945202088396796,0.005916006980126129,0.011117556042367081,True,True,False,True,False,False
uniform bias=0.40 frac=1.00,51,1.0,0.5,1.0722967753593182,0.7686811573471063,1.300929508212778,0.014961614131512835,0.018529260070611838,True,True,False,True,False,False
uniform bias=0.40 frac=1.00,51,1.0,0.7,1.1012154855030454,0.8363888240564369,1.1956161670717436,0.02808850328127509,0.02594096409885654,True,True,False,True,False,False
uniform bias=0.40 frac=1.00,51,1.0,1.0,1.1445935507186364,0.8881652750694544,1.125916569888189,0.055431240752872715,0.037058520141223676,True,True,True,True,True,True
uniform bias=0.40 frac=1.00,52,1.0,0.3,1.0389333613622032,0.6982225025109196,1.4322082092797646,-0.003026539619112563,0.009462185054513458,True,True,False,True,False,False
uniform bias=0.40 frac=1.00,52,1.0,0.5,1.0648889356036717,0.7358512601312686,1.3589702894870492,-0.0008728468639490313,0.015770308424189042,True,True,False,True,False,False
uniform bias=0.40 frac=1.00,52,1.0,0.7,1.0908445098451405,0.7985658561651835,1.2522448740823071,0.004617954558871629,0.02207843179386468,True,True,False,True,False,False
uniform bias=0.40 frac=1.00,52,1.0,1.0,1.1297778712073436,0.8361946137855325,1.1958938547486033,0.019111235444960795,0.03154061684837813,True,True,False,True,False,True
uniform bias=0.40 frac=1.00,53,1.0,0.3,1.0714861090476897,0.6314366364581785,1.5836901792856808,0.01382377312651551,0.016363759128919828,True,True,False,True,False,False
uniform bias=0.40 frac=1.00,53,1.0,0.5,1.119143515079483,0.7073688902094785,1.4136895385713988,0.03529093896240417,0.027272931881533097,True,True,False,True,False,False
uniform bias=0.40 frac=1.00,53,1.0,0.7,1.1668009211112762,0.82326548804041,1.2146749918793085,0.06655915846619499,0.03818210463414632,True,True,False,True,False,True
uniform bias=0.40 frac=1.00,53,1.0,1.0,1.238287030158966,0.9031941761996731,1.1071816297660955,0.1318384633491984,0.05454586376306614,False,True,True,False,False,False
uniform bias=0.40 frac=1.00,54,1.0,0.3,1.0597184401850628,0.6252478519497687,1.599365750528541,-0.009568506843793984,0.01400827204808133,True,True,False,True,False,False
uniform bias=0.40 frac=1.00,54,1.0,0.5,1.0995307336417712,0.7023888206968181,1.423712864632343,-0.008131735907753072,0.023347120080135536,True,True,False,True,False,False
uniform bias=0.40 frac=1.00,54,1.0,0.7,1.13934302709848,0.7470493815503729,1.3385995955510617,-0.00044234457285572,0.032685968112189795,True,True,False,True,False,False
uniform bias=0.40 frac=1.00,54,1.0,1.0,1.1990614672835427,0.8607308091776037,1.1618034225537515,0.022815405677345975,0.04669424016027112,True,True,True,True,True,True
uniform bias=0.40 frac=1.00,55,1.0,0.3,1.04257495083951,0.6854484949326879,1.4588988193754828,0.0017824896461371203,0.01064330721619998,True,True,False,True,False,False
uniform bias=0.40 frac=1.00,55,1.0,0.5,1.0709582513991833,0.709499319316291,1.4094446221085173,0.00718959184714886,0.017738845360333332,True,True,False,True,False,False
uniform bias=0.40 frac=1.00,55,1.0,0.7,1.0993415519588565,0.7535924973528966,1.3269771176234446,0.015971714664363253,0.024834383504466633,True,True,False,True,False,False
uniform bias=0.40 frac=1.00,55,1.0,1.0,1.1419165027983664,0.8257449705037059,1.211027660743726,0.03547306254556518,0.035477690720666616,True,True,False,True,False,True
uniform bias=0.40 frac=1.00,56,1.0,0.3,1.0587613076578595,0.6603757490456997,1.5142894048503246,0.029841950992932652,0.015503884585525493,True,True,False,True,False,False
uniform bias=0.40 frac=1.00,56,1.0,0.5,1.097935512763099,0.7673639988910925,1.3031625166740772,0.05994679783684688,0.02583980764254245,True,True,False,True,False,False
uniform bias=0.40 frac=1.00,56,1.0,0.7,1.1371097178683385,0.837459748789798,1.1940872399480533,0.09821981495966214,0.03617573069955941,True,True,False,True,False,True
uniform bias=0.40 frac=1.00,56,1.0,1.0,1.195871025526198,0.940758748640522,1.0629717783066985,0.17094465991682387,0.0516796152850849,False,True,True,False,False,False
uniform bias=0.40 frac=1.00,57,1.0,0.3,1.0617928440958417,0.6293757386913076,1.5888759901666212,0.020136098555397757,0.015839844264039275,True,True,False,True,False,False
uniform bias=0.40 frac=1.00,57,1.0,0.5,1.1029880734930697,0.7267791268221052,1.3759338471545999,0.04357751808044602,0.026399740440065496,True,True,False,True,False,False
uniform bias=0.40 frac=1.00,57,1.0,0.7,1.1441833028902977,0.8054510941585187,1.2415403085953132,0.07503282066265372,0.03695963661609172,True,True,False,True,False,True
uniform bias=0.40 frac=1.00,57,1.0,1.0,1.2059761469861394,0.9290784714014542,1.0763353481773885,0.13724180526813937,0.052799480880131,False,True,True,False,False,False
uniform bias=0.40 frac=1.00,58,1.0,0.3,1.053644703808755,0.665995215913383,1.5015122873345934,-0.00480944917927211,0.013389932934955311,True,True,False,True,False,False
uniform bias=0.40 frac=1.00,58,1.0,0.5,1.0894078396812583,0.7130066429190334,1.4025114771806644,-0.0008097924840884904,0.022316554891592146,True,True,False,True,False,False
uniform bias=0.40 frac=1.00,58,1.0,0.7,1.1251709755537618,0.7874414023446469,1.2699357654073675,0.008954629129520896,0.03124317684822904,True,True,False,True,False,False
uniform bias=0.40 frac=1.00,58,1.0,1.0,1.1788156793625169,0.8853818752730854,1.129456145340181,0.03441019577198282,0.04463310978318435,True,True,True,True,True,True
uniform bias=0.40 frac=1.00,59,1.0,0.3,1.0582769734357296,0.6277405082642398,1.593014927083632,0.006559436392893697,0.014913803098126639,True,True,False,True,False,False
uniform bias=0.40 frac=1.00,59,1.0,0.5,1.0971282890595493,0.7141957878455424,1.400176278015613,0.01952098260222559,0.02485633849687773,True,True,False,True,False,False
uniform bias=0.40 frac=1.00,59,1.0,0.7,1.135979604683369,0.7743385910325353,1.2914247224415851,0.039353399702812576,0.03479887389562882,True,True,False,True,False,False
uniform bias=0.40 frac=1.00,59,1.0,1.0,1.1942565781190986,0.8683117210122119,1.1516601420907642,0.08198490827479706,0.04971267699375546,True,True,True,True,True,True
uniform bias=0.40 frac=1.00,60,1.0,0.3,1.0446336633663367,0.669050238357169,1.4946560701562073,0.0026394502909094977,0.010834083119273908,True,True,False,True,False,False
uniform bias=0.40 frac=1.00,60,1.0,0.5,1.0743894389438944,0.7139255592225889,1.4007062600321027,0.008890690625698658,0.018056805198789827,True,True,False,True,False,False
uniform bias=0.40 frac=1.00,60,1.0,0.7,1.104145214521452,0.7669600293362668,1.3038489122639256,0.01873521640650094,0.025279527278305746,True,True,False,True,False,False
uniform bias=0.40 frac=1.00,60,1.0,1.0,1.1487788778877888,0.8036762009534286,1.2442822106884162,0.04023941528897875,0.036113610397579654,True,True,False,True,False,True
uniform bias=0.40 frac=1.00,61,1.0,0.3,1.036269984858485,0.6937531544822766,1.4414348872348761,0.004286273701911987,0.008999285605396158,True,True,False,True,False,False
uniform bias=0.40 frac=1.00,61,1.0,0.5,1.0604499747641418,0.7519121015646232,1.329942686012289,0.010504505567923591,0.014998809342326933,True,True,False,True,False,False
uniform bias=0.40 frac=1.00,61,1.0,0.7,1.0846299646697986,0.7726831540940325,1.2941915385388405,0.01941131028572467,0.020998333079257702,True,True,False,True,False,False
uniform bias=0.40 frac=1.00,61,1.0,1.0,1.1208999495282836,0.8391505221881429,1.191681317664477,0.037812591459532016,0.029997618684653858,True,True,False,True,False,True
uniform bias=0.40 frac=1.00,62,1.0,0.3,1.0681703474279558,0.5962384415118054,1.677181359632613,-0.005280309229205218,0.01567757391572503,True,True,False,True,False,False
uniform bias=0.40 frac=1.00,62,1.0,0.5,1.1136172457132596,0.6727825657599426,1.4863643187163278,0.001397982122111993,0.0261292898595417,True,True,False,True,False,False
uniform bias=0.40 frac=1.00,62,1.0,0.7,1.1590641439985636,0.7372407756531107,1.3564089684460476,0.016235071476726006,0.03658100580335843,True,True,False,True,False,False
uniform bias=0.40 frac=1.00,62,1.0,1.0,1.2272344914265194,0.850042642966155,1.1764115697897002,0.0537884517648279,0.05225857971908346,True,True,True,True,True,True
uniform bias=0.40 frac=1.00,63,1.0,0.3,1.0402066765739968,0.6906738192757984,1.4478614536866963,0.019431050974883235,0.010817368309669789,True,True,False,True,False,False
uniform bias=0.40 frac=1.00,63,1.0,0.5,1.067011127623328,0.7392076552249085,1.3527998430911052,0.03729414779395061,0.018028947182783,True,True,False,True,False,False
uniform bias=0.40 frac=1.00,63,1.0,0.7,1.0938155786726593,0.7765413751857625,1.2877613890963404,0.05908449488166774,0.02524052605589621,True,True,False,True,False,False
uniform bias=0.40 frac=1.00,63,1.0,1.0,1.1340222552466561,0.8176084671427019,1.2230793101919581,0.09913360976696087,0.036057894365566,True,True,False,True,False,True
uniform bias=0.40 frac=1.00,64,1.0,0.3,1.06308166969147,0.6342580589404546,1.576645319525821,-0.018242630094216793,0.01654009773661491,True,True,False,True,False,False
uniform bias=0.40 frac=1.00,64,1.0,0.5,1.10513611615245,0.7157549045026359,1.3971262979956531,-0.020105656534604114,0.02756682956102485,True,True,False,True,False,False
uniform bias=0.40 frac=1.00,64,1.0,0.7,1.1471905626134302,0.7582749978394262,1.318782767266925,-0.013729701410385837,0.03859356138543485,True,True,False,True,False,False
uniform bias=0.40 frac=1.00,64,1.0,1.0,1.2102722323049002,0.8504018667358051,1.1759146341463413,0.011282321709577306,0.05513365912204977,True,True,True,True,True,True
uniform bias=0.40 frac=1.00,65,1.0,0.3,1.0618217888891786,0.6091213460800781,1.6417090066460012,0.008696230264781878,0.014847553253165485,True,True,False,True,False,False
uniform bias=0.40 frac=1.00,65,1.0,0.5,1.1030363148152975,0.6768014956445313,1.4775381059814008,0.023501868010629555,0.02474592208860912,True,True,False,True,False,False
uniform bias=0.40 frac=1.00,65,1.0,0.7,1.1442508407414167,0.7564252010144761,1.3220077790359903,0.04551402647860521,0.03464429092405281,True,True,False,True,False,False
uniform bias=0.40 frac=1.00,65,1.0,1.0,1.2060726296305952,0.8838231296063878,1.1314480991749467,0.09204449053455863,0.0494918441772183,True,True,True,True,True,True
uniform bias=0.40 frac=1.00,66,1.0,0.3,1.0710978026712623,0.6152520465316674,1.6253501400560222,0.0016282431745749226,0.01673415125775051,True,True,False,True,False,False
uniform bias=0.40 frac=1.00,66,1.0,0.5,1.1184963377854373,0.6901865906605243,1.4488835534213684,0.014535956654546253,0.027890252096250887,True,True,False,True,False,False
uniform bias=0.40 frac=1.00,66,1.0,0.7,1.1658948728996124,0.7769529049149902,1.2870792987245658,0.036901444558721526,0.03904635293475126,True,True,False,True,False,False
uniform bias=0.40 frac=1.00,66,1.0,1.0,1.2369926755708747,0.8716070659198621,1.1473059812160158,0.08818300346036628,0.05578050419250177,True,True,True,True,True,True
uniform bias=0.40 frac=1.00,67,1.0,0.3,1.07124674312674,0.5870589318730829,1.7034064992578828,0.0027743270560657,0.01763543619746973,True,True,False,True,False,False
uniform bias=0.40 frac=1.00,67,1.0,0.5,1.1187445718779,0.6873791290919009,1.4548012263932186,0.01562925288764607,0.029392393662449556,True,True,False,True,False,False
uniform bias=0.40 frac=1.00,67,1.0,0.7,1.16624240062906,0.7654059491509816,1.3064962470036185,0.03728847828792239,0.04114935112742932,True,True,False,True,False,False
uniform bias=0.40 frac=1.00,67,1.0,1.0,1.2374891437558,0.906597337829318,1.1030255200112518,0.08628537807964172,0.058784787324899036,True,True,True,True,True,True
uniform bias=0.40 frac=1.00,68,1.0,0.3,1.0540365853658538,0.6431797651309846,1.5547752808988764,0.004198564544997706,0.013099984862228955,True,True,False,True,False,False
uniform bias=0.40 frac=1.00,68,1.0,0.5,1.0900609756097561,0.6914182475158085,1.4463025868826758,0.013667184478709998,0.021833308103714887,True,True,False,True,False,False
uniform bias=0.40 frac=1.00,68,1.0,0.7,1.1260853658536587,0.7718157181571815,1.2956460674157304,0.028471465935393347,0.03056663134520088,True,True,False,True,False,False
uniform bias=0.40 frac=1.00,68,1.0,1.0,1.1801219512195122,0.8602529358626919,1.1624488081486928,0.06068225347598911,0.04366661620742977,True,True,True,True,True,True
uniform bias=0.40 frac=1.00,69,1.0,0.3,1.0581409694190824,0.6529681692505005,1.5314682201857324,0.007268803541150395,0.014833484492592707,True,True,False,True,False,False
uniform bias=0.40 frac=1.00,69,1.0,0.5,1.0969016156984708,0.7102460788338777,1.4079627185578507,0.019711373521563776,0.024722474154321196,True,True,False,True,False,False
uniform bias=0.40 frac=1.00,69,1.0,0.7,1.1356622619778591,0.8057092614728397,1.24114249124057,0.03823130426436106,0.03461146381604969,True,True,False,True,False,False
uniform bias=0.40 frac=1.00,69,1.0,1.0,1.1938032313969416,0.8935353895006848,1.1191498532126507,0.07740625180802652,0.04944494830864239,True,True,True,True,True,True
uniform bias=0.40 frac=1.00,70,1.0,0.3,1.060545131695768,0.6218999704054453,1.6079756352907588,0.01593689586415255,0.014748137998486273,True,True,False,True,False,False
uniform bias=0.40 frac=1.00,70,1.0,0.5,1.10090855282628,0.6888132583604616,1.4517722878625137,0.036829949386295587,0.024580229997477172,True,True,False,True,False,False
uniform bias=0.40 frac=1.00,70,1.0,0.7,1.141271973956792,0.7399822432672388,1.3513837785954248,0.06593776793193828,0.034412321996468015,True,True,False,True,False,True
uniform bias=0.40 frac=1.00,70,1.0,1.0,1.20181710565256,0.8305119857946137,1.2040765420660657,0.1250021801694641,0.049160459994954296,False,True,False,False,False,False
uniform bias=0.40 frac=1.00,71,1.0,0.3,1.0653071027082268,0.6112672457843639,1.6359456635318703,-0.0009304178546147115,0.01625241422378109,True,True,False,True,False,False
uniform bias=0.40 frac=1.00,71,1.0,0.5,1.1088451711803782,0.6816555952989269,1.4670164917541229,0.007395229928838249,0.027087357039635187,True,True,False,True,False,False
uniform bias=0.40 frac=1.00,71,1.0,0.7,1.1523832396525293,0.7446346448645886,1.3429404700634757,0.022877618794848,0.03792229985548923,True,True,False,True,False,False
uniform bias=0.40 frac=1.00,71,1.0,1.0,1.2176903423607564,0.8298415942769545,1.205049261083744,0.05952009162365685,0.054174714079270374,True,True,False,True,False,True
structure=uniform bias=0.30 frac=1.00,42,1.0,0.3,1.0238956428187198,0.7363277747893132,1.3580908316084257,0.0028717445637956064,0.006689874028869689,True,True,False,True,False,False
structure=uniform bias=0.30 frac=1.00,42,1.0,0.5,1.0398260713645329,0.7633136094674556,1.3100775193798448,0.006488403032298374,0.011149790048116106,True,True,False,True,False,False
structure=uniform bias=0.30 frac=1.00,42,1.0,0.7,1.0557564999103461,0.8057199211045366,1.2411260709914318,0.011466791174912786,0.015609706067362587,True,True,False,True,False,False
structure=uniform bias=0.30 frac=1.00,42,1.0,1.0,1.079652142729066,0.8635467097005559,1.1580149501661128,0.0214876165277925,0.022299580096232275,True,True,True,True,True,True
structure=uniform bias=0.30 frac=1.00,43,1.0,0.3,1.0345059235775071,0.716591579064464,1.3954950479679593,-0.001996038772064616,0.009257887154147944,True,True,False,True,False,False
structure=uniform bias=0.30 frac=1.00,43,1.0,0.5,1.0575098726291785,0.7782338654356007,1.2849607867427746,-8.507927380190071e-05,0.015429811923579886,True,True,False,True,False,False
structure=uniform bias=0.30 frac=1.00,43,1.0,0.7,1.0805138216808499,0.8167602944175612,1.2243494288775494,0.004419201834838742,0.02160173669301183,True,True,False,True,False,False
structure=uniform bias=0.30 frac=1.00,43,1.0,1.0,1.115019745258357,0.889960509483286,1.1236453632988763,0.016038101517258395,0.030859623847159772,True,True,True,True,True,True
structure=uniform bias=0.30 frac=1.00,44,1.0,0.3,1.038531231536049,0.6845751208205191,1.46076006794027,-0.0025796411679847656,0.009850485780982746,True,True,False,True,False,False
structure=uniform bias=0.30 frac=1.00,44,1.0,0.5,1.0642187192267487,0.7206053903373886,1.3877220645432564,-0.00036467196990900576,0.016417476301637965,True,True,False,True,False,False
structure=uniform bias=0.30 frac=1.00,44,1.0,0.7,1.089906206917448,0.7806558395321709,1.2809742134245445,0.00499808120955219,0.022984466822293128,True,True,False,True,False,False
structure=uniform bias=0.30 frac=1.00,44,1.0,1.0,1.1284374384534974,0.8527163785659098,1.1727228714450055,0.01894430594384224,0.03283495260327593,True,True,True,True,True,True
structure=uniform bias=0.30 frac=1.00,45,1.0,0.3,1.0331953125,0.7083333333333334,1.4117647058823528,0.0008622614000324961,0.00943483185378693,True,True,False,True,False,False
structure=uniform bias=0.30 frac=1.00,45,1.0,0.5,1.0553255208333334,0.7194010416666666,1.3900452488687784,0.0050167637963863445,0.01572471975631159,True,True,False,True,False,False
structure=uniform bias=0.30 frac=1.00,45,1.0,0.7,1.0774557291666667,0.7562934027777778,1.3222381635581062,0.012034995363139222,0.02201460765883619,True,True,False,True,False,False
structure=uniform bias=0.30 frac=1.00,45,1.0,1.0,1.1106510416666666,0.8485243055555556,1.1785166240409206,0.027931834907766892,0.03144943951262311,True,True,False,True,False,True
structure=uniform bias=0.30 frac=1.00,46,1.0,0.3,1.0228245381215597,0.7276965507691242,1.374199175388519,0.0026240525343564206,0.006104689704053679,True,True,False,True,False,False
structure=uniform bias=0.30 frac=1.00,46,1.0,0.5,1.0380408968692663,0.7802524127691166,1.2816365366317792,0.005814028958725453,0.010174482840089484,True,True,False,True,False,False
structure=uniform bias=0.30 frac=1.00,46,1.0,0.7,1.0532572556169726,0.8004662058460367,1.2492719776259262,0.010156491837599972,0.014244275976125232,True,True,False,True,False,False
structure=uniform bias=0.30 frac=1.00,46,1.0,1.0,1.0760817937385323,0.8813213781537171,1.1346598695868504,0.01883109825810888,0.020348965680178913,True,True,True,True,True,True
structure=uniform bias=0.30 frac=1.00,47,1.0,0.3,1.0479110124433335,0.6665037404622874,1.500366673570953,0.0028781152996401912,0.01225448306503745,True,True,False,True,False,False
structure=uniform bias=0.30 frac=1.00,47,1.0,0.5,1.0798516874055557,0.729604686304871,1.370605231532384,0.010854549596557406,0.02042413844172904,True,True,False,True,False,False
structure=uniform bias=0.30 frac=1.00,47,1.0,0.7,1.111792362367778,0.7887618230322929,1.267809839167455,0.023677136504533763,0.028593793818420636,True,True,False,True,False,False
structure=uniform bias=0.30 frac=1.00,47,1.0,1.0,1.1597033748111114,0.8794694326810065,1.1370491831098253,0.051997553012234084,0.04084827688345808,True,True,True,True,True,True
structure=uniform bias=0.30 frac=1.00,48,1.0,0.3,1.0394335532274566,0.6882734949964615,1.4529108083773312,0.00908886309794491,0.0107164301914098,True,True,False,True,False,False
structure=uniform bias=0.30 frac=1.00,48,1.0,0.5,1.0657225887124278,0.7377075029243841,1.3555508057541081,0.019401581781883247,0.01786071698568304,True,True,False,True,False,False
structure=uniform bias=0.30 frac=1.00,48,1.0,0.7,1.0920116241973987,0.8061545908245846,1.2404568694164952,0.033117081760734406,0.025005003779956222,True,True,False,True,False,False
structure=uniform bias=0.30 frac=1.00,48,1.0,1.0,1.1314451774248553,0.8707990627303297,1.1483705515995501,0.06007054665697329,0.035721433971366026,True,True,True,True,True,True
structure=uniform bias=0.30 frac=1.00,49,1.0,0.3,1.0428200063714559,0.6806762845310154,1.4691271353592084,0.0037606991563924248,0.010959212531311215,True,True,False,True,False,False
structure=uniform bias=0.30 frac=1.00,49,1.0,0.5,1.0713666772857597,0.7572020206617212,1.3206515206154588,0.012131104646586968,0.018265354218852007,True,True,False,True,False,False
structure=uniform bias=0.30 frac=1.00,49,1.0,0.7,1.0999133482000638,0.8256724161470895,1.2111340774424695,0.025192128312194726,0.025571495906392856,True,True,False,True,False,False
structure=uniform bias=0.30 frac=1.00,49,1.0,1.0,1.1427333545715197,0.910253492923133,1.0985950702464877,0.05357857288950529,0.036530708437704076,True,True,True,True,True,True
structure=uniform bias=0.30 frac=1.00,50,1.0,0.3,1.0382055283837994,0.6863219211958014,1.4570421971334777,-0.007246627125022435,0.010284945984886884,True,True,False,True,False,False
structure=uniform bias=0.30 frac=1.00,50,1.0,0.5,1.063675880639666,0.7318239270209375,1.3664488999023805,-0.007978328812786884,0.01714157664147822,True,True,False,True,False,False
structure=uniform bias=0.30 frac=1.00,50,1.0,0.7,1.0891462328955321,0.7849096004835961,1.2740320660925577,-0.005430524050750826,0.023998207298069438,True,True,False,True,False,False
structure=uniform bias=0.30 frac=1.00,50,1.0,1.0,1.1273517612793318,0.8304116063087321,1.204222089868308,0.0045402576856791756,0.034283153282956384,True,True,False,True,False,True
structure=uniform bias=0.30 frac=1.00,51,1.0,0.3,1.0217845499645641,0.7663024431273899,1.3049677825883692,0.0037317296650015443,0.0058431490306034405,True,True,False,True,False,False
structure=uniform bias=0.30 frac=1.00,51,1.0,0.5,1.0363075832742736,0.8033815936012959,1.24473850031506,0.007742401600703267,0.009738581717672421,True,True,False,True,False,False
structure=uniform bias=0.30 frac=1.00,51,1.0,0.7,1.0508306165839831,0.8487005552916255,1.1782718813661974,0.012971355263632014,0.013634014404741402,True,True,False,True,False,False
structure=uniform bias=0.30 frac=1.00,51,1.0,1.0,1.0726151665485473,0.8940195169819549,1.1185438136471737,0.02309906399657579,0.019477163435344842,True,True,True,True,True,True
structure=uniform bias=0.30 frac=1.00,52,1.0,0.3,1.0209843798737912,0.7644984043957098,1.3080472035653758,-0.005410506504595442,0.0053184708827791576,True,True,False,True,False,False
structure=uniform bias=0.30 frac=1.00,52,1.0,0.5,1.034973966456319,0.7859730786764881,1.272308208932442,-0.007674973716985507,0.008864118137965319,True,True,False,True,False,False
structure=uniform bias=0.30 frac=1.00,52,1.0,0.7,1.0489635530388464,0.8117426878134223,1.2319174721409358,-0.008865411230170109,0.012409765393151423,True,True,False,True,False,False
structure=uniform bias=0.30 frac=1.00,52,1.0,1.0,1.0699479329126378,0.8375122969503563,1.194012319151984,-0.008637261813936748,0.017728236275930637,True,True,False,True,False,True
structure=uniform bias=0.30 frac=1.00,53,1.0,0.3,1.0456894525208784,0.6489947417259511,1.5408445334095893,0.012296282602494005,0.011000621708382452,True,True,False,True,False,False
structure=uniform bias=0.30 frac=1.00,53,1.0,0.5,1.0761490875347974,0.7197185276832663,1.389432064808647,0.026559748986760934,0.018334369513970775,True,True,False,True,False,False
structure=uniform bias=0.30 frac=1.00,53,1.0,0.7,1.1066087225487165,0.8029229817506959,1.2454494674191499,0.045675971090444786,0.02566811731955909,True,True,False,True,False,False
structure=uniform bias=0.30 frac=1.00,53,1.0,1.0,1.1522981750695949,0.9027683266316116,1.1077039042022852,0.0834492212198768,0.03666873902794155,True,True,True,True,True,True
structure=uniform bias=0.30 frac=1.00,54,1.0,0.3,1.032985244934094,0.7021444029116662,1.424208461753993,-0.007074286070111187,0.00816196473969018,True,True,False,True,False,False
structure=uniform bias=0.30 frac=1.00,54,1.0,0.5,1.0549754082234901,0.731752901829628,1.3665815297755077,-0.009044419834454368,0.013603274566150354,True,True,False,True,False,False
structure=uniform bias=0.30 frac=1.00,54,1.0,0.7,1.076965571512886,0.7782805429864252,1.2848837209302326,-0.008817708039546119,0.01904458439261047,True,True,False,True,False,False
structure=uniform bias=0.30 frac=1.00,54,1.0,1.0,1.1099508164469802,0.837497540822349,1.1940333568240546,-0.004358554923587092,0.02720654913230071,True,True,False,True,False,True
structure=uniform bias=0.30 frac=1.00,55,1.0,0.3,1.0230826446280992,0.7190082644628099,1.3908045977011496,0.00010502804886092905,0.0060403749272765015,True,True,False,True,False,False
structure=uniform bias=0.30 frac=1.00,55,1.0,0.5,1.0384710743801653,0.7355371900826445,1.359550561797753,0.0015848113998150994,0.010067291545460835,True,True,False,True,False,False
structure=uniform bias=0.30 frac=1.00,55,1.0,0.7,1.0538595041322314,0.7561983471074379,1.3224043715846996,0.004192406472139993,0.01409420816364517,True,True,False,True,False,False
structure=uniform bias=0.30 frac=1.00,55,1.0,1.0,1.0769421487603306,0.8057851239669421,1.241025641025641,0.010218446058197807,0.02013458309092167,True,True,False,True,False,True
structure=uniform bias=0.30 frac=1.00,56,1.0,0.3,1.0307585667344703,0.7192704025750498,1.390297718938405,0.015535363576897117,0.008472959180317093,True,True,False,True,False,False
structure=uniform bias=0.30 frac=1.00,56,1.0,0.5,1.051264277890784,0.7695419898518006,1.2994742498620269,0.02911888694481437,0.014121598633861844,True,True,False,True,False,False
structure=uniform bias=0.30 frac=1.00,56,1.0,0.7,1.0717699890470975,0.8120794867782819,1.2314065510597303,0.04528370176605357,0.01977023808740659,True,True,False,True,False,False
structure=uniform bias=0.30 frac=1.00,56,1.0,1.0,1.1025285557815678,0.9048885709815141,1.1051084432587324,0.07437084547289138,0.028243197267723688,True,True,True,True,True,True
structure=nonlinear bias=0.30 frac=1.00,44,1.0,0.3,1.000385305624061,0.7981652113139948,1.2528734475331629,-4.906637943614709e-05,0.00010600017036669196,True,True,False,True,False,True
structure=nonlinear bias=0.30 frac=1.00,44,1.0,0.5,1.0006421760401019,0.7981652113139948,1.2528734475331629,-8.131272233971197e-05,0.0001766669506111975,True,True,False,True,False,False
structure=nonlinear bias=0.30 frac=1.00,44,1.0,0.7,1.0008990464561427,0.7981652113139948,1.2528734475331629,-0.00011318740386657312,0.00024733373085569923,True,True,False,True,False,False
structure=nonlinear bias=0.30 frac=1.00,44,1.0,1.0,1.0012843520802037,0.7981652113139948,1.2528734475331629,-0.00016030256107576807,0.0003533339012223929,True,True,False,True,False,False
structure=nonlinear bias=0.30 frac=1.00,45,1.0,0.3,1.000144495412844,0.8032110091743119,1.2450028555111365,4.089146285486342e-05,4.3867822871861936e-05,True,True,False,True,False,True
structure=nonlinear bias=0.30 frac=1.00,45,1.0,0.5,1.0002408256880735,0.8032110091743119,1.2450028555111365,6.824379540360965e-05,7.311303811981701e-05,True,True,False,True,False,False
structure=nonlinear bias=0.30 frac=1.00,45,1.0,0.7,1.0003371559633027,0.8032110091743119,1.2450028555111365,9.566921380195212e-05,0.00010235825336770282,True,True,False,True,False,False
structure=nonlinear bias=0.30 frac=1.00,45,1.0,1.0,1.0004816513761468,0.8032110091743119,1.2450028555111365,0.00013694437736764083,0.0001462260762395648,True,True,False,True,False,False
structure=nonlinear bias=0.30 frac=1.00,47,1.0,0.3,1.0086115437562235,0.7841526260875085,1.2752619410196349,-0.0016397314144578044,0.002357993771044109,True,True,False,True,False,False
structure=nonlinear bias=0.30 frac=1.00,47,1.0,0.5,1.0143525729270393,0.8009259442925889,1.2485548846632026,-0.0025157566986107175,0.00392998961840687,True,True,False,True,False,False
structure=nonlinear bias=0.30 frac=1.00,47,1.0,0.7,1.020093602097855,0.8093126033951291,1.235616492076019,-0.003218078789041658,0.00550198546576963,True,True,False,True,False,False
structure=nonlinear bias=0.30 frac=1.00,47,1.0,1.0,1.0287051458540786,0.8302792511514796,1.2044140554074327,-0.003945868436459333,0.007859979236813742,True,True,False,True,False,True
structure=nonlinear bias=0.30 frac=1.00,48,1.0,0.3,1.0050256813925262,0.796173577208976,1.2560075197490819,0.0003187663742785883,0.001450779412714392,True,True,False,True,False,False
structure=nonlinear bias=0.30 frac=1.00,48,1.0,0.5,1.0083761356542105,0.8001946558817484,1.2496959241724535,0.0006086058884079607,0.0024179656878573442,True,True,False,True,False,False
structure=nonlinear bias=0.30 frac=1.00,48,1.0,0.7,1.0117265899158947,0.8122578919000664,1.2311360837144465,0.0009603082808925863,0.003385151963000293,True,True,False,True,False,False
structure=nonlinear bias=0.30 frac=1.00,48,1.0,1.0,1.016752271308421,0.8203000492456115,1.219066122109403,0.0016038547665351431,0.004835931375714687,True,True,False,True,False,True
structure=nonlinear bias=0.30 frac=1.00,49,1.0,0.3,1.001277973087647,0.7982058431325009,1.25280967134439,5.418608490154216e-05,0.00035007094168412457,True,True,False,True,False,False
structure=nonlinear bias=0.30 frac=1.00,49,1.0,0.5,1.0021299551460783,0.8024972723966541,1.2461101543853288,9.648474297518746e-05,0.0005834515694734801,True,True,False,True,False,True
structure=nonlinear bias=0.30 frac=1.00,49,1.0,0.7,1.0029819372045097,0.8024972723966541,1.2461101543853288,0.00014372308222685408,0.0008168321972628954,True,True,False,True,False,False
structure=nonlinear bias=0.30 frac=1.00,49,1.0,1.0,1.0042599102921566,0.8024972723966541,1.2461101543853288,0.00022384249331304694,0.0011669031389469602,True,True,False,True,False,False
structure=nonlinear bias=0.30 frac=1.00,50,1.0,0.3,1.0049076351821769,0.780633557669993,1.2810107766629506,-0.0023095688937087204,0.0014147096084378525,True,True,False,True,False,False
structure=nonlinear bias=0.30 frac=1.00,50,1.0,0.5,1.0081793919702948,0.7846368066836853,1.2744750073942621,-0.003767846661419205,0.0023578493473964436,True,True,False,True,False,False
structure=nonlinear bias=0.30 frac=1.00,50,1.0,0.7,1.0114511487584128,0.7886400556973775,1.268005591113073,-0.005160976566653448,0.003300989086355033,True,True,False,True,False,True
structure=nonlinear bias=0.30 frac=1.00,50,1.0,1.0,1.0163587839405896,0.7886400556973775,1.268005591113073,-0.007128519182361657,0.0047156986947928855,True,True,False,True,False,False
structure=nonlinear bias=0.30 frac=1.00,53,1.0,0.3,1.0094134621662205,0.7639550825879742,1.3089774815194632,-0.0028487067327292487,0.0024242704600844125,True,True,False,True,False,False
structure=nonlinear bias=0.30 frac=1.00,53,1.0,0.5,1.0156891036103677,0.7771267219429392,1.286791422510659,-0.004479938798991009,0.004040450766807389,True,True,False,True,False,False
structure=nonlinear bias=0.30 frac=1.00,53,1.0,0.7,1.0219647450545146,0.7859078148462493,1.2724138647172436,-0.005896846260806451,0.005656631073530311,True,True,False,True,False,False
structure=nonlinear bias=0.30 frac=1.00,53,1.0,1.0,1.0313782072207351,0.8122510935561794,1.2311463880237115,-0.007620348820192535,0.008080901533614723,True,True,False,True,False,True
structure=interaction bias=0.30 frac=1.00,44,1.0,0.3,1.00744878072044,0.7813324643118303,1.2798649047313864,-0.0007711421411052298,0.0020331828434787223,True,True,False,True,False,False
structure=interaction bias=0.30 frac=1.00,44,1.0,0.5,1.0124146345340668,0.8023360251804279,1.2463605878536013,-0.0011121853895437542,0.0033886380724645793,True,True,False,True,False,False
structure=interaction bias=0.30 frac=1.00,44,1.0,0.7,1.0173804883476933,0.810737449527867,1.2334449340934603,-0.0013147874281435822,0.004744093301450371,True,True,False,True,False,False
structure=interaction bias=0.30 frac=1.00,44,1.0,1.0,1.0248292690681335,0.8191388738753059,1.220794216820707,-0.0013591132175961795,0.006777276144929153,True,True,False,True,False,True
structure=interaction bias=0.30 frac=1.00,45,1.0,0.3,1.0057272727272728,0.7727272727272728,1.2941176470588234,0.0016795124851640576,0.0017258030801480591,True,True,False,True,False,False
structure=interaction bias=0.30 frac=1.00,45,1.0,0.5,1.0095454545454545,0.7804545454545455,1.28130460104834,0.0029413223371376534,0.002876338466913389,True,True,False,True,False,False
structure=interaction bias=0.30 frac=1.00,45,1.0,0.7,1.0133636363636362,0.7881818181818182,1.2687427912341407,0.00431684007860278,0.0040268738536787165,True,True,False,True,False,False
structure=interaction bias=0.30 frac=1.00,45,1.0,1.0,1.019090909090909,0.7959090909090909,1.2564249000571102,0.006593318983596969,0.005752676933826775,True,True,False,True,False,True
structure=interaction bias=0.30 frac=1.00,47,1.0,0.3,1.0177685545614235,0.7608749232231788,1.314276459215993,-0.0003043785426290615,0.004827499152583618,True,True,False,True,False,False
structure=interaction bias=0.30 frac=1.00,47,1.0,0.5,1.0296142576023724,0.7898212518240608,1.2661092591400138,0.0004502516488675078,0.008045831920972678,True,True,False,True,False,False
structure=interaction bias=0.30 frac=1.00,47,1.0,0.7,1.0414599606433212,0.8063620110245646,1.2401377871576549,0.0019709212162968516,0.011264164689361738,True,True,False,True,False,False
structure=interaction bias=0.30 frac=1.00,47,1.0,1.0,1.0592285152047447,0.8642546682263282,1.1570663564389603,0.005688249397315081,0.016091663841945356,True,True,True,True,True,True
structure=interaction bias=0.30 frac=1.00,48,1.0,0.3,1.0095413312389554,0.7745271287387918,1.2911103599797193,0.00015887887654072023,0.0027287438097159705,True,True,False,True,False,False
structure=interaction bias=0.30 frac=1.00,48,1.0,0.5,1.0159022187315925,0.7865043523790823,1.271448780893734,0.0005348531754770326,0.0045479063495266585,True,True,False,True,False,False
structure=interaction bias=0.30 frac=1.00,48,1.0,0.7,1.0222631062242293,0.7984815760193729,1.252377049180328,0.0011268715127407565,0.006367068889337285,True,True,False,True,False,False
structure=interaction bias=0.30 frac=1.00,48,1.0,1.0,1.0318044374631847,0.8144512075397603,1.227820636451302,0.002419981590500239,0.009095812699053253,True,True,False,True,False,True
structure=interaction bias=0.30 frac=1.00,49,1.0,0.3,1.0072069214131218,0.7997116077865897,1.2504507753335738,0.00033743144286413107,0.0019614544220134572,True,True,False,True,False,False
structure=interaction bias=0.30 frac=1.00,49,1.0,0.5,1.0120115356885364,0.8039653929343907,1.2438346336651422,0.0007564804473949491,0.0032690907033557618,True,True,False,True,False,False
structure=interaction bias=0.30 frac=1.00,49,1.0,0.7,1.016816149963951,0.8082191780821917,1.2372881355932206,0.001330805219356395,0.004576726984698066,True,True,False,True,False,False
structure=interaction bias=0.30 frac=1.00,49,1.0,1.0,1.024023071377073,0.8294881038211968,1.2055627987831379,0.002483434441230738,0.006538181406711583,True,True,False,True,False,True
structure=interaction bias=0.30 frac=1.00,50,1.0,0.3,1.0105271692254614,0.7697084698982231,1.299193186911699,-0.00465764015763222,0.0030050788103778187,True,True,False,True,False,False
structure=interaction bias=0.30 frac=1.00,50,1.0,0.5,1.0175452820424358,0.7895463170605486,1.2665501420144198,-0.007394150101402041,0.0050084646839630735,True,True,False,True,False,False
structure=interaction bias=0.30 frac=1.00,50,1.0,0.7,1.0245633948594102,0.7974814559254786,1.2539476530391522,-0.00983579324945048,0.007011850557548329,True,True,False,True,False,False
structure=interaction bias=0.30 frac=1.00,50,1.0,1.0,1.0350905640848715,0.8093841642228738,1.2355072463768118,-0.012945382729545403,0.010016929367926147,True,True,False,True,False,True
structure=interaction bias=0.30 frac=1.00,53,1.0,0.3,1.005805578342904,0.7811812961443807,1.2801125742969357,0.0014826675017234003,0.0014880010981656322,True,True,False,True,False,False
structure=interaction bias=0.30 frac=1.00,53,1.0,0.5,1.00967596390484,0.7944216570959803,1.25877736472532,0.0025892464466187883,0.0024800018302760323,True,True,False,True,False,False
structure=interaction bias=0.30 frac=1.00,53,1.0,0.7,1.013546349466776,0.7944216570959803,1.25877736472532,0.0037903325465116215,0.003472002562386435,True,True,False,True,False,False
structure=interaction bias=0.30 frac=1.00,53,1.0,1.0,1.01935192780968,0.8032485643970468,1.2449446464316352,0.005769162611970704,0.0049600036605520655,True,True,False,True,False,True
structure=interaction bias=0.30 frac=1.00,54,1.0,0.3,1.0063375959079284,0.7786189258312021,1.28432531861779,-0.001665843225412707,0.0016764037620779363,True,True,False,True,False,False
structure=interaction bias=0.30 frac=1.00,54,1.0,0.5,1.0105626598465474,0.7786189258312021,1.28432531861779,-0.002655250115468387,0.002794006270129911,True,True,False,True,False,False
structure=interaction bias=0.30 frac=1.00,54,1.0,0.7,1.0147877237851664,0.7962148337595909,1.255942438648336,-0.0035477327973485857,0.003911608778181887,True,True,False,True,False,False
structure=interaction bias=0.30 frac=1.00,54,1.0,1.0,1.0211253196930947,0.8094117647058824,1.2354651162790697,-0.00470472392983938,0.005588012540259822,True,True,False,True,False,True
5-fold CV fold=0 frac=1.00,42,1.0,0.3,1.0320308686288586,0.6984305028544081,1.4317816818038598,0.006653603855277849,0.00841812205444953,True,True,False,True,False,False
5-fold CV fold=0 frac=1.00,42,1.0,0.5,1.0533847810480976,0.7493889515605238,1.3344205274411973,0.01416391702555922,0.01403020342408253,True,True,False,True,False,False
5-fold CV fold=0 frac=1.00,42,1.0,0.7,1.0747386934673366,0.8273254025228182,1.20871424587065,0.024133892009250913,0.019642284793715527,True,True,False,True,False,False
5-fold CV fold=0 frac=1.00,42,1.0,1.0,1.1067695620961953,0.8962691860663864,1.1157362269575228,0.04370072038493326,0.02806040684816506,True,True,True,True,True,True
5-fold CV fold=0 frac=1.00,43,1.0,0.3,1.030420928170263,0.7212533254507835,1.3864754098360652,0.00527392036642444,0.00800280224886271,True,True,False,True,False,False
5-fold CV fold=0 frac=1.00,43,1.0,0.5,1.0507015469504384,0.7753473248595921,1.2897445672893633,0.011524199514606672,0.013338003748104536,True,True,False,True,False,False
5-fold CV fold=0 frac=1.00,43,1.0,0.7,1.0709821657306138,0.841462213025914,1.188407494145199,0.019961944452575306,0.018673205247346364,True,True,False,True,False,False
5-fold CV fold=0 frac=1.00,43,1.0,1.0,1.101403093900877,0.9045718790028575,1.1054953433908827,0.03672006021537762,0.026676007496209134,True,True,True,True,True,True
5-fold CV fold=0 frac=1.00,44,1.0,0.3,1.0360200113367852,0.7088972534833016,1.4106416622244051,-0.005994818726322191,0.009391679709645186,True,True,False,True,False,False
5-fold CV fold=0 frac=1.00,44,1.0,0.5,1.0600333522279755,0.7774041309207634,1.2863322437142086,-0.006641980231645799,0.01565279951607533,True,True,False,True,False,False
5-fold CV fold=0 frac=1.00,44,1.0,0.7,1.0840466931191657,0.8339967688038842,1.1990454128907444,-0.0046096342871896545,0.021913919322505474,True,True,False,True,False,False
5-fold CV fold=0 frac=1.00,44,1.0,1.0,1.1200667044559511,0.9084607660185167,1.1007630019980605,0.0034629610978314886,0.031305599032150716,True,True,True,True,True,True
5-fold CV fold=0 frac=1.00,45,1.0,0.3,1.035226232686274,0.7247085682218197,1.3798650158830725,-0.0001947158612119036,0.009216096920630376,True,True,False,True,False,False
5-fold CV fold=0 frac=1.00,45,1.0,0.5,1.0587103878104567,0.78137302417332,1.27979846892972,0.003058311045615675,0.015360161534383961,True,True,False,True,False,False
5-fold CV fold=0 frac=1.00,45,1.0,0.7,1.0821945429346393,0.8469844994855836,1.1806591509140372,0.009017607937218362,0.02150422614813754,True,True,False,True,False,False
5-fold CV fold=0 frac=1.00,45,1.0,1.0,1.1174207756209134,0.9215429941586103,1.0851365658886298,0.023030809496075888,0.030720323068767923,True,True,True,True,True,True
5-fold CV fold=0 frac=1.00,46,1.0,0.3,1.0360200113367852,0.6999615738175456,1.428649853657057,0.0014216319772853729,0.009442731646809498,True,True,False,True,False,False
5-fold CV fold=0 frac=1.00,46,1.0,0.5,1.0600333522279755,0.7565542117006663,1.321782344918931,0.005975992539696693,0.01573788607801585,True,True,False,True,False,False
5-fold CV fold=0 frac=1.00,46,1.0,0.7,1.0840466931191657,0.822082529249543,1.2164228826427843,0.013415637830818153,0.022033040509222203,True,True,False,True,False,False
5-fold CV fold=0 frac=1.00,46,1.0,1.0,1.1200667044559511,0.9144178857956874,1.093591907522503,0.029985014633832175,0.031475772156031756,True,True,True,True,True,True
5-fold CV fold=0 frac=1.00,47,1.0,0.3,1.0288027316067516,0.7110509814027401,1.4063689189025939,0.006181506285965517,0.00757345498422294,True,True,False,True,False,False
5-fold CV fold=0 frac=1.00,47,1.0,0.5,1.0480045526779196,0.7562448997122363,1.3223229675737536,0.012798040270046596,0.012622424973704955,True,True,False,True,False,False
5-fold CV fold=0 frac=1.00,47,1.0,0.7,1.0672063737490873,0.819516385345531,1.2202318561066623,0.021410998088877038,0.01767139496318692,True,True,False,True,False,False
5-fold CV fold=0 frac=1.00,47,1.0,1.0,1.0960091053558392,0.8858007988661255,1.1289219893231706,0.038073729507278505,0.02524484994740992,True,True,True,True,True,True
5-fold CV fold=0 frac=1.00,48,1.0,0.3,1.0271762152665642,0.7068375295500638,1.4147522707750793,0.008242442334174475,0.007169177714611177,True,True,False,True,False,False
5-fold CV fold=0 frac=1.00,48,1.0,0.5,1.0452936921109404,0.7612096472077612,1.3136985371482877,0.016066249078340866,0.011948629524351963,True,True,False,True,False,False
5-fold CV fold=0 frac=1.00,48,1.0,0.7,1.0634111689553165,0.8065197452558421,1.2398952485444514,0.025753131972947117,0.01672808133409275,True,True,False,True,False,False
5-fold CV fold=0 frac=1.00,48,1.0,1.0,1.0905873842218807,0.8790159021327718,1.1376358466026408,0.0437767240969313,0.02389725904870393,True,True,True,True,True,True
5-fold CV fold=0 frac=1.00,49,1.0,0.3,1.0328327625388087,0.7005345197324201,1.427481404316757,-0.0023603335998460422,0.00861805822473765,True,True,False,True,False,False
5-fold CV fold=0 frac=1.00,49,1.0,0.5,1.0547212708980145,0.7574155277448815,1.3202792435182655,-0.0010558089753718582,0.014363430374562731,True,True,False,True,False,False
5-fold CV fold=0 frac=1.00,49,1.0,0.7,1.0766097792572202,0.826271484812598,1.2102559732250766,0.002551179935266457,0.020108802524387813,True,True,False,True,False,False
5-fold CV fold=0 frac=1.00,49,1.0,1.0,1.109442541796029,0.8921337046165008,1.120908216812487,0.012278783837780876,0.028726860749125463,True,True,True,True,True,True
5-fold CV fold=0 frac=1.00,50,1.0,0.3,1.030420928170263,0.7332742142082964,1.3637463047567857,0.020786490439068744,0.008088421072057123,True,True,False,True,False,False
5-fold CV fold=0 frac=1.00,50,1.0,0.5,1.0507015469504384,0.7723421026702139,1.2947630286406837,0.03815547921099029,0.013480701786761886,True,True,False,True,False,False
5-fold CV fold=0 frac=1.00,50,1.0,0.7,1.0709821657306138,0.8234308798896444,1.214431015914802,0.05833353076627899,0.018872982501466653,True,True,False,True,False,False
5-fold CV fold=0 frac=1.00,50,1.0,1.0,1.101403093900877,0.898561434624101,1.1128899610724272,0.0938676008180257,0.02696140357352383,True,True,True,True,True,True
5-fold CV fold=0 frac=1.00,51,1.0,0.3,1.0328327625388087,0.6975407824686063,1.433607933949018,0.0036600308308910126,0.0086115954563479,True,True,False,True,False,False
5-fold CV fold=0 frac=1.00,51,1.0,0.5,1.0547212708980145,0.751428053217254,1.3307993968530722,0.009183768299169864,0.014352659093913147,True,True,False,True,False,False
5-fold CV fold=0 frac=1.00,51,1.0,0.7,1.0766097792572202,0.8172902730211568,1.2235554894143632,0.017174479298929787,0.020093722731478393,True,True,False,True,False,False
5-fold CV fold=0 frac=1.00,51,1.0,1.0,1.109442541796029,0.913089865463197,1.0951824544594138,0.03378612117009693,0.028705318187826293,True,True,True,True,True,True
5-fold CV fold=1 frac=1.00,42,1.0,0.3,1.0214169550736822,0.7284954821665613,1.3726921092578066,0.005105684220729986,0.0057039255330872864,True,True,False,True,False,False
5-fold CV fold=1 frac=1.00,42,1.0,0.5,1.0356949251228038,0.7681207594392195,1.301878627431015,0.009883674156930089,0.009506542555145497,True,True,False,True,False,False
5-fold CV fold=1 frac=1.00,42,1.0,0.7,1.0499728951719254,0.7955536437049059,1.2569862609678766,0.01576102445770084,0.01330915957720371,True,True,False,True,False,False
5-fold CV fold=1 frac=1.00,42,1.0,1.0,1.0713898502456076,0.8443232157327929,1.184380556363234,0.026638350592426755,0.019013085110290994,True,True,False,True,False,True
5-fold CV fold=1 frac=1.00,43,1.0,0.3,1.0247207002755714,0.7308002377478792,1.3683629921655729,0.004254141979646541,0.0065979469403003735,True,True,False,True,False,False
5-fold CV fold=1 frac=1.00,43,1.0,0.5,1.0412011671259522,0.7459620684065489,1.3405507362272482,0.00885369837040068,0.010996578233833936,True,True,False,True,False,False
5-fold CV fold=1 frac=1.00,43,1.0,0.7,1.0576816339763333,0.8005446587777598,1.2491495496662994,0.014864024151280027,0.01539520952736756,True,True,False,True,False,False
5-fold CV fold=1 frac=1.00,43,1.0,1.0,1.0824023342519047,0.8611919814124386,1.1611812715207854,0.026524705429083337,0.021993156467667935,True,True,True,True,True,True
5-fold CV fold=1 frac=1.00,44,1.0,0.3,1.0263598171035357,0.7349682776818455,1.360602940788258,-0.005889417368172243,0.006974517002289715,True,True,False,True,False,False
5-fold CV fold=1 frac=1.00,44,1.0,0.5,1.0439330285058928,0.7561402033763843,1.3225060584461867,-0.0080813527908647,0.011624195003816154,True,True,False,True,False,False
5-fold CV fold=1 frac=1.00,44,1.0,0.7,1.06150623990825,0.783361250697934,1.2765502494654313,-0.008885813955352746,0.01627387300534265,True,True,False,True,False,False
5-fold CV fold=1 frac=1.00,44,1.0,1.0,1.0878660570117857,0.8317542237140227,1.2022782349510788,-0.0074909914679513355,0.02324839000763236,True,True,False,True,False,True
5-fold CV fold=1 frac=1.00,45,1.0,0.3,1.0230731016011494,0.7296508415297706,1.3705185317177475,-0.0029028656485525443,0.006111485722120238,True,True,False,True,False,False
5-fold CV fold=1 frac=1.00,45,1.0,0.5,1.0384551693352488,0.7509323244077222,1.331677925555706,-0.003476962515049045,0.010185809536867025,True,True,False,True,False,False
5-fold CV fold=1 frac=1.00,45,1.0,0.7,1.0538372370693485,0.7843746546445033,1.2749009597374397,-0.002962141862181151,0.014260133351613866,True,True,False,True,False,False
5-fold CV fold=1 frac=1.00,45,1.0,1.0,1.076910338670498,0.8238974085606992,1.2137433491227285,-0.0001481905340715167,0.020371619073734103,True,True,False,True,False,True
5-fold CV fold=1 frac=1.00,46,1.0,0.3,1.0255413148215304,0.7238015679773437,1.3815941333126565,0.0013478601009755788,0.006790357185193389,True,True,False,True,False,False
5-fold CV fold=1 frac=1.00,46,1.0,0.5,1.0425688580358838,0.7480292355247026,1.3368461451891696,0.0040279580596131745,0.011317261975322256,True,True,False,True,False,False
5-fold CV fold=1 frac=1.00,46,1.0,0.7,1.0595964012502375,0.79951302906284,1.2507613555368364,0.008133275664640519,0.01584416676545118,True,True,False,True,False,False
5-fold CV fold=1 frac=1.00,46,1.0,1.0,1.085137716071768,0.860082197931237,1.162679569935651,0.016963538909162496,0.02263452395064457,True,True,True,True,True,True
5-fold CV fold=1 frac=1.00,47,1.0,0.3,1.0247207002755714,0.7338326038796131,1.3627085996359631,0.0048803681377657115,0.006582746972195237,True,True,False,True,False,False
5-fold CV fold=1 frac=1.00,47,1.0,0.5,1.0412011671259522,0.7550591668017507,1.3243995225377634,0.009916124273156189,0.010971244953658706,True,True,False,True,False,False
5-fold CV fold=1 frac=1.00,47,1.0,0.7,1.0576816339763333,0.7944799265142919,1.2586850424118439,0.01637762231005022,0.015359742935122236,True,True,False,True,False,False
5-fold CV fold=1 frac=1.00,47,1.0,1.0,1.0824023342519047,0.8520948830172368,1.1735782245975197,0.02874313543071149,0.021942489907317467,True,True,True,True,True,True
5-fold CV fold=1 frac=1.00,48,1.0,0.3,1.0247207002755714,0.7277678716161453,1.3740645046329294,5.1084632656393345e-05,0.006552799473843022,True,True,False,True,False,False
5-fold CV fold=1 frac=1.00,48,1.0,0.5,1.0412011671259522,0.7520268006700167,1.3297398431931575,0.0017176609768700302,0.010921332456405015,True,True,False,True,False,False
5-fold CV fold=1 frac=1.00,48,1.0,0.7,1.0576816339763333,0.7793180958556222,1.2831730782564321,0.004690253259037568,0.015289865438967067,True,True,False,True,False,False
5-fold CV fold=1 frac=1.00,48,1.0,1.0,1.0824023342519047,0.8399654184903009,1.1905252025700472,0.011597921565953156,0.02184266491281009,True,True,False,True,False,True
5-fold CV fold=1 frac=1.00,49,1.0,0.3,1.0255413148215304,0.7207731095339239,1.3873991506795162,-0.0002697149000750128,0.006785321195375932,True,True,False,True,False,False
5-fold CV fold=1 frac=1.00,49,1.0,0.5,1.0425688580358838,0.7450007770812828,1.3422804791127025,0.0012826166495251848,0.011308868658959826,True,True,False,True,False,False
5-fold CV fold=1 frac=1.00,49,1.0,0.7,1.0595964012502375,0.7722569030720614,1.2949058739675483,0.004220661385512283,0.01583241612254378,True,True,False,True,False,False
5-fold CV fold=1 frac=1.00,49,1.0,1.0,1.085137716071768,0.8328260719404583,1.200730901315363,0.011225940713968608,0.02261773731791971,True,True,False,True,False,True
5-fold CV fold=1 frac=1.00,50,1.0,0.3,1.0230731016011494,0.7296508415297706,1.3705185317177475,-0.00025940161286558736,0.006133992881591182,True,True,False,True,False,False
5-fold CV fold=1 frac=1.00,50,1.0,0.5,1.0384551693352488,0.766133383606259,1.305255744493093,0.0009898604430734418,0.010223321469318598,True,True,False,True,False,False
5-fold CV fold=1 frac=1.00,50,1.0,0.7,1.0538372370693485,0.7843746546445033,1.2749009597374397,0.003376879670625311,0.01431265005704607,True,True,False,True,False,False
5-fold CV fold=1 frac=1.00,50,1.0,1.0,1.076910338670498,0.8360582559195288,1.196088900408216,0.009090703208727024,0.020446642938637252,True,True,False,True,False,True
5-fold CV fold=1 frac=1.00,51,1.0,0.3,1.0230731016011494,0.7235704178503557,1.3820354941691573,0.0020171574317724293,0.006149646069729962,True,True,False,True,False,False
5-fold CV fold=1 frac=1.00,51,1.0,0.5,1.0384551693352488,0.7722138072856737,1.2949781402057459,0.004840901995541602,0.010249410116216565,True,True,False,True,False,False
5-fold CV fold=1 frac=1.00,51,1.0,0.7,1.0538372370693485,0.8026159256827476,1.245925937925225,0.008847824913381253,0.014349174162703225,True,True,False,True,False,False
5-fold CV fold=1 frac=1.00,51,1.0,1.0,1.076910338670498,0.8421386795989434,1.1874528794666406,0.01707666870402221,0.020498820232433188,True,True,False,True,False,True
5-fold CV fold=2 frac=1.00,42,1.0,0.3,1.0349086635096925,0.6995366742752018,1.4295176175518056,0.003477276889827324,0.009249775586981642,True,True,False,True,False,False
5-fold CV fold=2 frac=1.00,42,1.0,0.5,1.0581811058494872,0.7294314039450822,1.3709308299472236,0.009245659057596332,0.015416292644969347,True,True,False,True,False,False
5-fold CV fold=2 frac=1.00,42,1.0,0.7,1.0814535481892822,0.7892208632848431,1.2670724337391004,0.017774199285006072,0.021582809702957104,True,True,False,True,False,False
5-fold CV fold=2 frac=1.00,42,1.0,1.0,1.1163622116989746,0.8729261063605083,1.1455723373531592,0.03574230598794687,0.030832585289938746,True,True,True,True,True,True
5-fold CV fold=2 frac=1.00,43,1.0,0.3,1.0325094686444662,0.7142136536570768,1.4001412530824298,0.00039706218623394873,0.00860107100413829,True,True,False,True,False,False
5-fold CV fold=2 frac=1.00,43,1.0,0.5,1.054182447740777,0.7502244261103749,1.332934472934473,0.003519936707605094,0.014335118340230482,True,True,False,True,False,False
5-fold CV fold=2 frac=1.00,43,1.0,0.7,1.0758554268370881,0.7982387893814389,1.2527579632842791,0.00892934434674851,0.020069165676322734,True,True,False,True,False,False
5-fold CV fold=2 frac=1.00,43,1.0,1.0,1.1083648954815544,0.8732612319924763,1.145132708706592,0.021330705401286627,0.028670236680461023,True,True,True,True,True,True
5-fold CV fold=2 frac=1.00,44,1.0,0.3,1.0357043407252404,0.683721642381402,1.462583510618445,-0.0014993872924577063,0.009423341558010601,True,True,False,True,False,False
5-fold CV fold=2 frac=1.00,44,1.0,0.5,1.0595072345420675,0.7464210069665961,1.3397264957264956,0.0008664570534268776,0.015705569263351038,True,True,False,True,False,False
5-fold CV fold=2 frac=1.00,44,1.0,0.7,1.0833101283588946,0.8150917396075229,1.2268557653173038,0.005924650098663229,0.02198779696869148,True,True,False,True,False,False
5-fold CV fold=2 frac=1.00,44,1.0,1.0,1.119014469084135,0.8658483680812514,1.1549366342469791,0.018560093477802263,0.031411138526702076,True,True,True,True,True,True
5-fold CV fold=2 frac=1.00,45,1.0,0.3,1.031705656759348,0.7001010135597864,1.4283653081936343,0.009695565414694548,0.008438933197078793,True,True,False,True,False,False
5-fold CV fold=2 frac=1.00,45,1.0,0.5,1.0528427612655802,0.7271435419805506,1.3752442843351933,0.01927209317268297,0.014064888661797989,True,True,False,True,False,False
5-fold CV fold=2 frac=1.00,45,1.0,0.7,1.073979865771812,0.787238049582249,1.2702638046149497,0.03133887491589111,0.019690844126517126,True,True,False,True,False,False
5-fold CV fold=2 frac=1.00,45,1.0,1.0,1.1056855225311601,0.8713703602246269,1.1476176441693682,0.05410827375299171,0.02812977732359592,True,True,True,True,True,True
5-fold CV fold=2 frac=1.00,46,1.0,0.3,1.0349086635096925,0.6935577283412258,1.441841045289321,-0.003253738645426924,0.009184388491934087,True,True,False,True,False,False
5-fold CV fold=2 frac=1.00,46,1.0,0.5,1.0581811058494872,0.7324208769120703,1.3653351939066225,-0.0022612858776605723,0.015307314153223424,True,True,False,True,False,False
5-fold CV fold=2 frac=1.00,46,1.0,0.7,1.0814535481892822,0.7922103362518311,1.2622910283287643,0.0012604563818800056,0.02143023981451281,True,True,False,True,False,False
5-fold CV fold=2 frac=1.00,46,1.0,1.0,1.1163622116989746,0.857978741525568,1.1655300435788243,0.011285487568267324,0.0306146283064469,True,True,True,True,True,True
5-fold CV fold=2 frac=1.00,47,1.0,0.3,1.0349086635096925,0.6935577283412258,1.441841045289321,-0.0026320911955691143,0.009204007393517491,True,True,False,True,False,False
5-fold CV fold=2 frac=1.00,47,1.0,0.5,1.0581811058494872,0.7623156065819507,1.3117926372828332,-0.0012024580275295372,0.015340012322529094,True,True,False,True,False,False
5-fold CV fold=2 frac=1.00,47,1.0,0.7,1.0814535481892822,0.8071577010867713,1.2389152685448983,0.002774663645912342,0.021476017251540754,True,True,False,True,False,False
5-fold CV fold=2 frac=1.00,47,1.0,1.0,1.1163622116989746,0.8789050522944843,1.1377793282555189,0.013516887103703567,0.03068002464505824,True,True,True,True,True,True
5-fold CV fold=2 frac=1.00,48,1.0,0.3,1.031705656759348,0.7001010135597864,1.4283653081936343,0.004652979086543971,0.008372215169930563,True,True,False,True,False,False
5-fold CV fold=2 frac=1.00,48,1.0,0.5,1.0528427612655802,0.7601955211614848,1.3154510545814893,0.010634983207222011,0.013953691949884271,True,True,False,True,False,False
5-fold CV fold=2 frac=1.00,48,1.0,0.7,1.073979865771812,0.8022616764826737,1.2464760929180405,0.018921001778285564,0.019535168729837925,True,True,False,True,False,False
5-fold CV fold=2 frac=1.00,48,1.0,1.0,1.1056855225311601,0.8443278318038625,1.1843740811712342,0.03567005672935413,0.027907383899768486,True,True,False,True,False,True
5-fold CV fold=2 frac=1.00,49,1.0,0.3,1.0349086635096925,0.6905682553742377,1.4480827814161148,3.823337730964374e-05,0.00920885851815081,True,True,False,True,False,False
5-fold CV fold=2 frac=1.00,49,1.0,0.5,1.0581811058494872,0.7623156065819507,1.3117926372828332,0.00333317957680087,0.01534809753025129,True,True,False,True,False,False
5-fold CV fold=2 frac=1.00,49,1.0,0.7,1.0814535481892822,0.8041682281197833,1.2435209015134667,0.009243691601319777,0.021487336542351833,True,True,False,True,False,False
5-fold CV fold=2 frac=1.00,49,1.0,1.0,1.1163622116989746,0.8729261063605083,1.1455723373531592,0.023013645560025185,0.03069619506050264,True,True,True,True,True,True
5-fold CV fold=2 frac=1.00,50,1.0,0.3,1.0308997917148808,0.7100208285119185,1.4084093872229466,0.007994304699814601,0.00820521187128596,True,True,False,True,False,False
5-fold CV fold=2 frac=1.00,50,1.0,0.5,1.0514996528581346,0.7401064568386948,1.3511569731081925,0.016207248749733272,0.013675353118809932,True,True,False,True,False,False
5-fold CV fold=2 frac=1.00,50,1.0,0.7,1.0720995140013887,0.7822263364961813,1.2784023668639055,0.02672691886635281,0.01914549436633397,True,True,False,True,False,False
5-fold CV fold=2 frac=1.00,50,1.0,1.0,1.1029993057162695,0.8604489701457995,1.1621839698762777,0.04683153541634553,0.02735070623761993,True,True,True,True,True,True
5-fold CV fold=2 frac=1.00,51,1.0,0.3,1.036498003568091,0.7007476000339818,1.4270473419409588,-0.0050063921995065356,0.009621518389216923,True,True,False,True,False,False
5-fold CV fold=2 frac=1.00,51,1.0,0.5,1.0608300059468185,0.7514399796109082,1.3307782752227195,-0.004942930258900957,0.016035863982028227,True,True,False,True,False,False
5-fold CV fold=2 frac=1.00,51,1.0,0.7,1.0851620083255458,0.8080961685498259,1.2374764773288758,-0.0021586229260739578,0.022450209574839463,True,True,False,True,False,False
5-fold CV fold=2 frac=1.00,51,1.0,1.0,1.1216600118936368,0.8766799762127263,1.1406670930480454,0.007119423183581595,0.032071727964056385,True,True,True,True,True,True
5-fold CV fold=3 frac=1.00,42,1.0,0.3,1.0325094686444662,0.7142136536570768,1.4001412530824298,-0.00029390243384462767,0.00852362352629386,True,True,False,True,False,False
5-fold CV fold=3 frac=1.00,42,1.0,0.5,1.054182447740777,0.7412217329970503,1.349123960459993,0.002344424318170852,0.014206039210489766,True,True,False,True,False,False
5-fold CV fold=3 frac=1.00,42,1.0,0.7,1.0758554268370881,0.7712307100414654,1.29662886472225,0.007250160436515574,0.019888454894685735,True,True,False,True,False,False
5-fold CV fold=3 frac=1.00,42,1.0,1.0,1.1083648954815544,0.8402513572436198,1.1901200651200652,0.018860157175900356,0.028412078420979592,True,True,False,True,False,True
5-fold CV fold=3 frac=1.00,43,1.0,0.3,1.0357043407252404,0.7016357465486003,1.4252409529005274,-0.011560596281475355,0.009288250914384668,True,True,False,True,False,False
5-fold CV fold=3 frac=1.00,43,1.0,0.5,1.0595072345420675,0.7404496389108634,1.3505307416597738,-0.016130474063405682,0.015480418190641151,True,True,False,True,False,False
5-fold CV fold=3 frac=1.00,43,1.0,0.7,1.0833101283588946,0.7732921632173936,1.293172293172293,-0.018190602720759886,0.021672585466897643,True,True,False,True,False,False
5-fold CV fold=3 frac=1.00,43,1.0,1.0,1.119014469084135,0.8449485798861868,1.1835039714898372,-0.01657501609821156,0.030960836381282303,True,True,False,True,False,True
5-fold CV fold=3 frac=1.00,44,1.0,0.3,1.0333112352067217,0.7043137455812286,1.4198217857792323,-0.0025950714845491617,0.008742379192258084,True,True,False,True,False,False
5-fold CV fold=3 frac=1.00,44,1.0,0.5,1.0555187253445362,0.7342845432655362,1.3618698761555905,-0.0014180322381177753,0.014570631987096787,True,True,False,True,False,False
5-fold CV fold=3 frac=1.00,44,1.0,0.7,1.0777262154823506,0.7792407397919975,1.2833004602235372,0.002084676530552023,0.02039888478193549,True,True,False,True,False,False
5-fold CV fold=3 frac=1.00,44,1.0,1.0,1.1110374506890723,0.8571648137711972,1.1666367820213974,0.01169937003775311,0.029141263974193574,True,True,True,True,True,True
5-fold CV fold=3 frac=1.00,45,1.0,0.3,1.0412181039425314,0.733938147111396,1.3625126367061848,0.005862581881158555,0.010843864100535535,True,True,False,True,False,False
5-fold CV fold=3 frac=1.00,45,1.0,0.5,1.0686968399042192,0.7812889953121313,1.2799361132694465,0.01462114883472636,0.01807310683422591,True,True,False,True,False,False
5-fold CV fold=3 frac=1.00,45,1.0,0.7,1.0961755758659066,0.8286398435128663,1.2067969067969069,0.02725985901453095,0.025302349567916223,True,True,False,True,False,False
5-fold CV fold=3 frac=1.00,45,1.0,1.0,1.137393679808438,0.8996661158139694,1.1115234667866245,0.05349319283343159,0.03614621366845176,True,True,True,True,True,True
5-fold CV fold=3 frac=1.00,46,1.0,0.3,1.036498003568091,0.7395123608869255,1.3522424409521183,0.008233613874839646,0.009633808297416712,True,True,False,True,False,False
5-fold CV fold=3 frac=1.00,46,1.0,0.5,1.0608300059468185,0.7902047404638519,1.265494812664624,0.017660538702760017,0.01605634716236121,True,True,False,True,False,False
5-fold CV fold=3 frac=1.00,46,1.0,0.7,1.0851620083255458,0.8289695013167956,1.206316997683904,0.03023774265976887,0.022478886027305644,True,True,False,True,False,False
5-fold CV fold=3 frac=1.00,46,1.0,1.0,1.1216600118936368,0.8826437855747176,1.1329598829598828,0.055010321962323215,0.03211269432472236,True,True,True,True,True,True
5-fold CV fold=3 frac=1.00,47,1.0,0.3,1.0341109642427706,0.7123986253123321,1.403708491943786,-0.0011035594523062548,0.008948057105309345,True,True,False,True,False,False
5-fold CV fold=3 frac=1.00,47,1.0,0.5,1.0568516070712841,0.7483178837314414,1.3363304843304842,0.0012441467626107185,0.014913428508848853,True,True,False,True,False,False
5-fold CV fold=3 frac=1.00,47,1.0,0.7,1.0795922498997979,0.8081833144299566,1.2373430410467448,0.006058582990691342,0.020878799912388418,True,True,False,True,False,False
5-fold CV fold=3 frac=1.00,47,1.0,1.0,1.1137032141425685,0.8590689305236946,1.1640509445387495,0.017905356107494066,0.029826857017697765,True,True,True,True,True,True
5-fold CV fold=3 frac=1.00,48,1.0,0.3,1.0308997917148808,0.7070122656792409,1.4144026186579377,0.00031088036761366556,0.008129785666021624,True,True,False,True,False,False
5-fold CV fold=3 frac=1.00,48,1.0,0.5,1.0514996528581346,0.7431150196713723,1.3456867019620058,0.0031006552305514416,0.013549642776702706,True,True,False,True,False,False
5-fold CV fold=3 frac=1.00,48,1.0,0.7,1.0720995140013887,0.7882434621615366,1.2686435701702878,0.007956447121112584,0.01896949988738385,True,True,False,True,False,False
5-fold CV fold=3 frac=1.00,48,1.0,1.0,1.1029993057162695,0.8393890303170563,1.1913427074717398,0.019113916883747296,0.02709928555340548,True,True,False,True,False,True
5-fold CV fold=3 frac=1.00,49,1.0,0.3,1.0341109642427706,0.7034188107075549,1.4216281748196642,0.0008549026822551015,0.00897098319406578,True,True,False,True,False,False
5-fold CV fold=3 frac=1.00,49,1.0,0.5,1.0568516070712841,0.751311155266367,1.3310064584964985,0.004577964729928357,0.014951638656776237,True,True,False,True,False,False
5-fold CV fold=3 frac=1.00,49,1.0,0.7,1.0795922498997979,0.8081833144299566,1.2373430410467448,0.010823528318537357,0.020932294119486754,True,True,False,True,False,False
5-fold CV fold=3 frac=1.00,49,1.0,1.0,1.1137032141425685,0.8560756589887688,1.1681210527364374,0.024921564090705787,0.029903277313552527,True,True,True,True,True,True
5-fold CV fold=3 frac=1.00,50,1.0,0.3,1.0308997917148808,0.7280722055079842,1.373490146217419,0.011402877665245495,0.00818803606551609,True,True,False,True,False,False
5-fold CV fold=3 frac=1.00,50,1.0,0.5,1.0514996528581346,0.785234899328859,1.2735042735042736,0.022048169697045348,0.013646726775860147,True,True,False,True,False,False
5-fold CV fold=3 frac=1.00,50,1.0,0.7,1.0720995140013887,0.8183290904883129,1.2220022624434388,0.035128160599487715,0.019105417486204267,True,True,False,True,False,False
5-fold CV fold=3 frac=1.00,50,1.0,1.0,1.1029993057162695,0.8604489701457995,1.1621839698762777,0.0593132073356054,0.02729345355172036,True,True,True,True,True,True
5-fold CV fold=3 frac=1.00,51,1.0,0.3,1.038866982066234,0.6891847287930466,1.4509897828863345,-0.006208195527187905,0.010148996699414074,True,True,False,True,False,False
5-fold CV fold=3 frac=1.00,51,1.0,0.5,1.064778303443723,0.7426559577511278,1.3465185185185184,-0.006514101757949526,0.016914994499023398,True,True,False,True,False,False
5-fold CV fold=3 frac=1.00,51,1.0,0.7,1.0906896248212123,0.7812740675541865,1.2799605689339528,-0.0037536953588206867,0.023680992298632776,True,True,False,True,False,False
5-fold CV fold=3 frac=1.00,51,1.0,1.0,1.1295566068874463,0.8822752778083398,1.1334330963960593,0.006136250420918046,0.033829988998046845,True,True,True,True,True,True
5-fold CV fold=4 frac=1.00,42,1.0,0.3,1.0341109642427706,0.7123986253123321,1.403708491943786,-0.003603015990841166,0.008802058525183358,True,True,False,True,False,False
5-fold CV fold=4 frac=1.00,42,1.0,0.5,1.0568516070712841,0.751311155266367,1.3310064584964985,-0.002919803021380479,0.014670097541972205,True,True,False,True,False,False
5-fold CV fold=4 frac=1.00,42,1.0,0.7,1.0795922498997979,0.7932169567553278,1.2606891361608343,0.00023158885209723944,0.02053813655876111,True,True,False,True,False,False
5-fold CV fold=4 frac=1.00,42,1.0,1.0,1.1137032141425685,0.8321294867093627,1.201736047059788,0.009586512107346163,0.029340195083944462,True,True,False,True,False,True
5-fold CV fold=4 frac=1.00,43,1.0,0.3,1.0357043407252404,0.6956643784928676,1.4374747808224202,-0.011277226007481617,0.009205425276281157,True,True,False,True,False,False
5-fold CV fold=4 frac=1.00,43,1.0,0.5,1.0595072345420675,0.7553780590501953,1.3238404107969324,-0.015570978352032288,0.015342375460468636,True,True,False,True,False,False
5-fold CV fold=4 frac=1.00,43,1.0,0.7,1.0833101283588946,0.7941919514124582,1.2591414433519696,-0.01728521203489985,0.02147932564465611,True,True,False,True,False,False
5-fold CV fold=4 frac=1.00,43,1.0,1.0,1.119014469084135,0.8359915278025876,1.1961843711843712,-0.015019965068545818,0.030684750920937268,True,True,False,True,False,True
5-fold CV fold=4 frac=1.00,44,1.0,0.3,1.0341109642427706,0.7064120822424805,1.4156043266212759,-0.0008235875125907306,0.008877220763123016,True,True,False,True,False,False
5-fold CV fold=4 frac=1.00,44,1.0,0.5,1.0568516070712841,0.739338069126664,1.35256121895798,0.0017926996087990353,0.014795367938538301,True,True,False,True,False,False
5-fold CV fold=4 frac=1.00,44,1.0,0.7,1.0795922498997979,0.7812438706156247,1.2800100424621497,0.006941263100682416,0.020713515113953647,True,True,False,True,False,False
5-fold CV fold=4 frac=1.00,44,1.0,1.0,1.1137032141425685,0.8470958443839915,1.1805039614226893,0.019412126533183013,0.029590735877076665,True,True,False,True,False,True
5-fold CV fold=4 frac=1.00,45,1.0,0.3,1.0333112352067217,0.6983195860443671,1.4320090972451487,-0.004994774251867595,0.008611786834909789,True,True,False,True,False,False
5-fold CV fold=4 frac=1.00,45,1.0,0.5,1.0555187253445362,0.7402787028023976,1.3508425897089866,-0.005430182894230851,0.014352978058182956,True,True,False,True,False,False
5-fold CV fold=4 frac=1.00,45,1.0,0.7,1.0777262154823506,0.7822378195604283,1.2783836002226807,-0.0035500388494882408,0.020094169281456128,True,True,False,True,False,False
5-fold CV fold=4 frac=1.00,45,1.0,1.0,1.1110374506890723,0.8301910958553205,1.2045419482242588,0.0036118385059486853,0.028705956116365915,True,True,False,True,False,True
5-fold CV fold=4 frac=1.00,46,1.0,0.3,1.0349086635096925,0.6965472013082138,1.435652886296663,0.014010719213102362,0.00915175548004212,True,True,False,True,False,False
5-fold CV fold=4 frac=1.00,46,1.0,0.5,1.0581811058494872,0.7533471876809865,1.3274092162981053,0.027346957607007973,0.015252925800070139,True,True,False,True,False,False
5-fold CV fold=4 frac=1.00,46,1.0,0.7,1.0814535481892822,0.7922103362518311,1.2622910283287643,0.043879803135717155,0.02135409612009822,True,True,False,True,False,False
5-fold CV fold=4 frac=1.00,46,1.0,1.0,1.1163622116989746,0.857978741525568,1.1655300435788243,0.07467270980653706,0.030505851600140344,True,True,True,True,True,True
5-fold CV fold=4 frac=1.00,47,1.0,0.3,1.036498003568091,0.6977656953529862,1.4331458348552366,-0.005391797387277017,0.009438527481185099,True,True,False,True,False,False
5-fold CV fold=4 frac=1.00,47,1.0,0.5,1.0608300059468185,0.7514399796109082,1.3307782752227195,-0.005516065674047077,0.015730879135308518,True,True,False,True,False,False
5-fold CV fold=4 frac=1.00,47,1.0,0.7,1.0851620083255458,0.7902047404638519,1.265494812664624,-0.002864123317018658,0.022023230789431882,True,True,False,True,False,False
5-fold CV fold=4 frac=1.00,47,1.0,1.0,1.1216600118936368,0.8468609294027696,1.1808314273103004,0.006319185175646347,0.03146175827061698,True,True,False,True,False,True
5-fold CV fold=4 frac=1.00,48,1.0,0.3,1.031705656759348,0.6970962881797014,1.4345220552117104,0.006212886911724869,0.008260550744770338,True,True,False,True,False,False
5-fold CV fold=4 frac=1.00,48,1.0,0.5,1.0528427612655802,0.7271435419805506,1.3752442843351933,0.013357267752814764,0.013767584574617226,True,True,False,True,False,False
5-fold CV fold=4 frac=1.00,48,1.0,0.7,1.073979865771812,0.7601955211614848,1.3154510545814893,0.022903613580523254,0.01927461840446406,True,True,False,True,False,False
5-fold CV fold=4 frac=1.00,48,1.0,1.0,1.1056855225311601,0.8262994795233529,1.2102149702149703,0.04172681667199626,0.027535169149234394,True,True,False,True,False,True
5-fold CV fold=4 frac=1.00,49,1.0,0.3,1.0308997917148808,0.6889608886831751,1.451461202552906,0.0010689996581029046,0.008084377012350694,True,True,False,True,False,False
5-fold CV fold=4 frac=1.00,49,1.0,0.5,1.0514996528581346,0.7250636426753067,1.3791892754548356,0.004469103428694719,0.013473961687251158,True,True,False,True,False,False
5-fold CV fold=4 frac=1.00,49,1.0,0.7,1.0720995140013887,0.7671835223327933,1.3034690799396682,0.01001915706477171,0.018863546362151675,True,True,False,True,False,False
5-fold CV fold=4 frac=1.00,49,1.0,1.0,1.1029993057162695,0.833371904651701,1.1999444598722577,0.02237539351667216,0.026947923374502376,True,True,False,True,False,True
5-fold CV fold=4 frac=1.00,50,1.0,0.3,1.0341109642427706,0.7034188107075549,1.4216281748196642,0.014928872914652986,0.008969763558906767,True,True,False,True,False,False
5-fold CV fold=4 frac=1.00,50,1.0,0.5,1.0568516070712841,0.7483178837314414,1.3363304843304842,0.028786811242684857,0.014949605931511222,True,True,False,True,False,False
5-fold CV fold=4 frac=1.00,50,1.0,0.7,1.0795922498997979,0.7932169567553278,1.2606891361608343,0.0457690346786605,0.020929448304115736,True,True,False,True,False,False
5-fold CV fold=4 frac=1.00,50,1.0,1.0,1.1137032141425685,0.8650554735935462,1.1559952286595885,0.07710040441001895,0.029899211863022503,True,True,True,True,True,True
5-fold CV fold=4 frac=1.00,51,1.0,0.3,1.0325094686444662,0.7202154490659598,1.3884734093067428,-0.0017270500882314418,0.008420435777230497,True,True,False,True,False,False
5-fold CV fold=4 frac=1.00,51,1.0,0.5,1.054182447740777,0.7622280169281408,1.311943378872513,-1.9724981691653877e-05,0.0140340596287175,True,True,False,True,False,False
5-fold CV fold=4 frac=1.00,51,1.0,0.7,1.0758554268370881,0.7862351985636727,1.2718840390596118,0.003974553590470136,0.019647683480204552,True,True,False,True,False,False
5-fold CV fold=4 frac=1.00,51,1.0,1.0,1.1083648954815544,0.8312486641302953,1.2030094521069252,0.014254009196754168,0.02806811925743505,True,True,False,True,False,True
